code,name,trading_date,open,high,low,close,pre_close,volume,amount,limit_up,limit_down,is_st,is_suspended,adj_factor,turnover_rate,total_mv,mv_A_free_float,is_limit_up,is_broken_limit,is_db,limit_status_ext,limit_status,limit_desc,last_limit_desc,relative_position,open_pct,continue_limit_count,prev_is_limit_up,prev_limit_desc,prev_continue_limit_count,prev_relative_position,signal,code_right,buy_time,buy_price,sell_time,sell_price,profit,holding_days,sell_reason,trading_date_right,weight_profit
SZSE.001391,国货航,2025-01-03,8.42,8.78,7.5,7.54,8.69,362644198.0,2940787147.63,0.0,0.0,False,False,1.0,43.2263,90560713626.5,6325637322.68,True,False,False,,涨停,4天4板,3天3板,0.03125000000000004,-3.1070195627157604,0,True,3天3板,0,0.38775510204081637,1,SZSE.001391,2025-01-03 09:30:00,8.42,2025-01-06 11:30:00,7.48,-11.871752893414461,1.5,止损卖出,2025-01-03,-4.748701157365785
SZSE.001391,国货航,2025-01-06,7.28,7.55,6.88,7.44,7.54,242543376.0,1754558050.13,0.0,0.0,False,False,1.0,28.9106,89359643154.0,6241742928.48,True,False,False,,涨停,5天5板,4天4板,0.8358208955223889,-3.4482758620689626,0,True,4天4板,0,0.03125000000000004,1,SZSE.001391,2025-01-06 09:30:00,7.28,2025-01-07 11:30:00,7.07,-3.6584431504750152,1.5,未涨停卖出,2025-01-06,-1.4633772601900061
SZSE.001369,双欣材料,2026-01-05,16.01,16.66,15.82,15.88,16.51,66464810.0,1063892171.76,0.0,0.0,False,False,1.0,33.0622,18214360000.0,3192346681.44,True,False,False,,涨停,3天3板,2天2板,0.07142857142857204,-3.0284675953967293,0,True,2天2板,0,0.03658536585365852,1,SZSE.001369,2026-01-05 09:30:00,16.01,2026-01-08 11:30:00,15.23,-5.62994741832171,3.5,未涨停卖出,2026-01-05,-2.251978967328684
SZSE.001388,信通电子,2025-07-08,50.36,50.99,48.13,48.43,51.98,13367596.0,652136128.58,57.18,46.78,False,False,1.0,43.724,7555080000.0,1480635328.27,False,False,True,断板,断板,断板,5天5板,0.10489510489510392,-3.1165833012697144,0,True,5天5板,0,0.014134275618374248,1,SZSE.001388,2025-07-08 09:30:00,50.36,2025-07-09 11:30:00,47.95,-5.544225006249813,1.5,未涨停卖出,2025-07-08,-2.2176900024999253
SHSE.603344,星德胜,2024-03-27,29.13,29.46,27.64,27.78,30.04,15081617.0,426938845.52,33.04,27.04,False,False,1.0,31.6467,5404070624.4,1323891125.04,False,False,True,断板,断板,断板,5天5板,0.07692307692307722,-3.029294274300933,0,True,5天5板,0,0.036144578313252976,1,SHSE.603344,2024-03-27 09:30:00,29.13,2024-03-28 11:30:00,28.36,-3.4190734487385215,1.5,未涨停卖出,2024-03-27,-1.3676293794954086
SHSE.603271,永杰新材,2025-03-17,42.3,42.51,41.0,41.29,43.87,15139023.0,629138519.6,0.0,0.0,False,False,1.0,39.2504,8122568800.0,1592570618.59,True,False,False,,涨停,5天5板,4天4板,0.19205298013245,-3.5787554137223623,0,True,4天4板,0,0.3618421052631574,1,SHSE.603271,2025-03-17 09:30:00,42.3,2025-03-18 11:30:00,41.57,-2.5088299285129008,1.5,未涨停卖出,2025-03-17,-1.0035319714051603
SHSE.603207,小方制药,2024-09-02,27.39,27.77,25.52,25.58,28.24,16115244.0,428611194.08,31.06,25.42,False,False,1.0,41.1127,4092800000.0,1002678496.16,False,False,True,断板,断板,断板,5天5板,0.0266666666666661,-3.0099150141642985,0,True,5天5板,0,0.5159817351598166,1,SHSE.603207,2024-09-02 09:30:00,27.39,2024-09-03 11:30:00,24.86,-9.960159362549804,1.5,止损卖出,2024-09-02,-3.984063745019922
SHSE.603395,红四方,2024-12-03,64.0,72.67,63.66,69.8,66.06,24923772.0,1722225026.57,72.67,59.45,False,False,1.0,61.7696,13960000000.0,2816399637.0,False,True,False,,炸板,6天5板,5天5板,0.6814650388457266,-3.118377232818653,0,True,5天5板,0,0.46045197740113075,1,SHSE.603395,2024-12-03 09:30:00,64.0,2024-12-04 11:30:00,65.07,0.861740537848603,1.5,未涨停卖出,2024-12-03,0.34469621513944126
SHSE.603370,华新精科,2025-09-10,55.34,60.2,55.0,56.7,57.3,13115989.0,756768707.01,0.0,0.0,False,False,1.0,38.2575,9919665000.0,1943869857.3,True,False,False,,涨停,4天4板,3天3板,0.3269230769230773,-3.420593368237337,0,True,3天3板,0,0.0,1,SHSE.603370,2025-09-10 09:30:00,55.34000015258789,2025-09-12 11:30:00,52.85,-5.260418652710032,2.5,未涨停卖出,2025-09-10,-2.104167461084013
SZSE.001221,悍高集团,2025-08-05,51.3,51.94,48.72,48.81,52.97,16304474.0,813815147.6,0.0,0.0,False,False,1.0,46.6847,19524488100.0,1704671971.26,True,False,False,,涨停,5天5板,4天4板,0.02795031055900728,-3.152727959222205,0,True,4天4板,0,0.02599009900990108,1,SZSE.001221,2025-08-05 09:30:00,51.3,2025-08-06 11:30:00,45.82,-11.393956338389131,1.5,止损卖出,2025-08-05,-4.557582535355652
SHSE.603248,锡华科技,2025-12-26,25.52,27.8,24.91,26.08,26.42,28633188.0,756201817.77,0.0,0.0,False,False,1.0,41.3124,11996800000.0,1807576581.44,True,False,False,,涨停,4天4板,3天3板,0.4048442906574387,-3.4065102195306665,0,True,3天3板,0,0.3783783783783795,1,SHSE.603248,2025-12-26 09:30:00,25.52,2025-12-30 11:30:00,23.12,-10.126266095492628,2.5,止损卖出,2025-12-26,-4.0505064381970515
SZSE.001388,信通电子,2025-07-04,59.11,62.71,56.4,56.73,61.2,13991341.0,822319331.57,0.0,0.0,False,False,1.0,45.7642,8849880000.0,1734388646.97,True,False,False,,涨停,4天4板,3天3板,0.052297939778129666,-3.4150326797385673,0,True,3天3板,0,0.1355932203389838,1,SZSE.001388,2025-07-04 09:30:00,59.11,2025-07-07 15:00:00,51.96,-12.796521577368411,2.0,止损卖出,2025-07-04,-5.118608630947365
SHSE.603075,热威股份,2023-09-14,33.23,34.35,32.05,32.2,34.54,14191197.0,469336907.43,0.0,0.0,False,False,1.0,36.5713,12880322000.0,1249494596.0,True,False,False,,涨停,4天4板,3天3板,0.06521739130435018,-3.792704111175455,0,True,3天3板,0,0.21548821548821576,1,SHSE.603075,2023-09-14 09:30:00,33.23,2023-09-15 15:00:00,29.23,-12.738213561642675,2.0,止损卖出,2023-09-14,-5.095285424657071
SHSE.603248,锡华科技,2025-12-29,25.19,26.3,24.68,24.85,26.08,23267373.0,588076113.11,0.0,0.0,False,False,1.0,33.5705,11431000000.0,1722326612.3,True,False,False,,涨停,5天5板,4天4板,0.10493827160493926,-3.412576687116553,0,True,4天4板,0,0.4048442906574387,1,SHSE.603248,2025-12-29 09:30:00,25.19,2025-12-30 11:30:00,23.12,-8.948880935171578,1.5,未涨停卖出,2025-12-29,-3.5795523740686317
SZSE.001395,亚联机械,2025-02-05,48.0,48.0,41.25,41.5,49.5,10899742.0,472295514.49,0.0,0.0,False,False,1.0,56.5034,3620460000.0,800551766.0,True,False,False,,涨停,2天2板,1天1板,0.037037037037037035,-3.0303030303030303,0,True,1天1板,0,0.04035433070866143,1,SZSE.001395,2025-02-05 09:30:00,48.0,2025-02-06 11:30:00,41.72,-13.77589641434263,1.5,止损卖出,2025-02-05,-5.510358565737053
SZSE.001326,联域股份,2023-11-15,68.01,72.96,64.83,64.92,70.4,10031530.0,686047249.99,0.0,0.0,False,False,1.0,55.9423,4752144000.0,1164140960.52,True,False,False,,涨停,5天5板,4天4板,0.011070110701107437,-3.3948863636363646,0,True,4天4板,0,0.07423580786026274,1,SZSE.001326,2023-11-15 09:30:00,68.01,2023-11-16 11:30:00,60.61,-11.590866353729341,1.5,止损卖出,2023-11-15,-4.636346541491736
SZSE.001356,富岭股份,2025-01-27,16.9,17.22,14.7,14.78,17.53,56083456.0,886695015.05,0.0,0.0,False,False,1.0,46.1706,8710149600.0,1795326969.5,True,False,False,,涨停,3天3板,2天2板,0.03174603174603178,-3.593839132915017,0,True,2天2板,0,0.012000000000000455,1,SZSE.001356,2025-01-27 09:30:00,16.9,2025-02-05 15:00:00,15.04,-11.715033357693477,2.0,止损卖出,2025-01-27,-4.6860133430773905
SHSE.603400,华之杰,2025-06-25,48.0,97.0,47.65,78.81,49.93,17077914.0,990280270.82,0.0,0.0,False,False,1.0,87.1428,7881000000.0,1544488747.44,True,False,False,,涨停,4天4板,3天3板,0.6314083080040528,-3.865411576206689,0,True,3天3板,0,0.3074596774193547,1,SHSE.603400,2025-06-25 09:30:00,48.0,2025-06-26 09:30:00,60.51,25.05801792828684,1.0,大幅低开卖出,2025-06-25,10.023207171314738
SHSE.603406,天富龙,2025-08-15,43.6,44.49,43.6,44.02,45.0,9953574.0,437435135.78,49.5,40.5,False,False,1.0,28.0068,17608440200.0,1564466309.96,False,False,True,断板,断板,断板,5天5板,0.47191011235955216,-3.111111111111108,0,True,5天5板,0,0.0,1,SHSE.603406,2025-08-15 09:30:00,43.6,2025-08-18 11:30:00,44.400001525878906,1.023432690740224,1.5,未涨停卖出,2025-08-15,0.40937307629608966
SHSE.603276,恒兴新材,2023-09-26,29.6,29.96,27.01,27.04,30.54,18184904.0,510286921.44,0.0,0.0,False,False,1.0,47.8379,4326400000.0,1027888365.92,True,False,False,,涨停,2天2板,1天1板,0.010169491525422913,-3.077930582842167,0,True,1天1板,0,0.00283286118980164,1,SHSE.603276,2023-09-26 09:30:00,29.6,2023-09-28 11:30:00,26.53,-11.085791967266077,2.5,止损卖出,2023-09-26,-4.4343167869064315
SHSE.603312,西典新能,2024-01-16,44.88,45.52,42.3,42.85,46.72,17534087.0,767015472.12,0.0,0.0,False,False,1.0,51.445,6924560000.0,1460462934.65,True,False,False,,涨停,4天4板,3天3板,0.17080745341615008,-3.9383561643835536,0,True,3天3板,0,0.3938679245283021,1,SHSE.603312,2024-01-16 09:30:00,44.88,2024-01-17 11:30:00,40.33,-10.85417687538618,1.5,止损卖出,2024-01-16,-4.3416707501544725
SHSE.603231,索宝蛋白,2023-12-21,25.11,27.8,24.7,26.62,25.98,21152773.0,558498731.31,0.0,0.0,False,False,1.0,45.0966,5096641375.1,1248624356.76,True,False,False,,涨停,5天5板,4天4板,0.6193548387096777,-3.3487297921478096,0,True,4天4板,0,0.08093994778067855,1,SHSE.603231,2023-12-21 09:30:00,25.11,2023-12-22 11:30:00,26.68,5.405855669317957,1.5,未涨停卖出,2023-12-21,2.162342267727183
SHSE.603107,上海汽配,2023-11-03,37.62,39.99,34.38,34.44,38.98,40962625.0,1508010652.5,0.0,0.0,False,False,1.0,49.5639,11617817400.0,2846330306.4,True,False,False,,涨停,3天3板,2天2板,0.01069518716577454,-3.488968701898408,0,True,2天2板,0,0.4999999999999995,1,SHSE.603107,2023-11-03 09:30:00,37.62,2023-11-06 11:30:00,31.61,-16.64506249324869,1.5,止损卖出,2023-11-03,-6.658024997299477
SHSE.603193,润本股份,2023-10-20,17.5,19.33,16.9,18.9,18.19,24650974.0,439346420.74,0.0,0.0,False,False,1.0,41.8775,7646813634.6,1112538955.5,True,False,False,,涨停,4天4板,3天3板,0.8230452674897121,-3.7932930181418434,0,True,3天3板,0,0.39259259259259305,1,SHSE.603193,2023-10-20 09:30:00,17.5,2023-10-24 11:30:00,17.46,-1.0235628912919674,2.5,未涨停卖出,2023-10-20,-0.409425156516787
SHSE.603350,安乃达,2024-07-09,38.96,39.98,35.56,36.9,40.5,16910404.0,634301308.92,0.0,0.0,False,False,1.0,59.5118,4280400000.0,1048521359.7,True,False,False,,涨停,5天5板,4天4板,0.30316742081447917,-3.8024691358024674,0,True,4天4板,0,0.12126537785588717,1,SHSE.603350,2024-07-09 09:30:00,38.96,2024-07-10 11:30:00,34.89,-11.160184723119844,1.5,止损卖出,2024-07-09,-4.4640738892479375
SHSE.603172,万丰股份,2023-05-12,16.55,17.77,16.16,16.76,17.1,11628552.0,196382425.53,0.0,0.0,False,False,1.0,35.5509,2235448800.0,548212812.2,True,False,False,,涨停,3天3板,2天2板,0.3726708074534172,-3.216374269005852,0,True,2天2板,0,0.3196721311475413,1,SHSE.603172,2023-05-12 09:30:00,16.55,2023-05-17 11:30:00,16.45,-1.3962277777109047,3.5,未涨停卖出,2023-05-12,-0.5584911110843619
SHSE.603391,力聚热能,2024-08-02,51.35,52.15,48.9,49.04,52.98,9480960.0,476564995.27,0.0,0.0,False,False,1.0,42.5331,4462640000.0,1093138674.24,True,False,False,,涨停,3天3板,2天2板,0.04307692307692325,-3.076632691581721,0,True,2天2板,0,0.060737527114966175,1,SHSE.603391,2024-08-02 09:30:00,51.35,2024-08-06 15:00:00,46.25,-10.64951489077769,3.0,止损卖出,2024-08-02,-4.259805956311076
SZSE.001376,百通能源,2023-11-07,33.8,34.5,31.71,31.82,34.99,25305534.0,824622025.29,0.0,0.0,False,False,1.0,54.9046,14665838000.0,1466583800.0,True,False,False,,涨停,3天3板,2天2板,0.03942652329749085,-3.4009717062017857,0,True,2天2板,0,0.5407407407407414,1,SZSE.001376,2023-11-07 09:30:00,33.8,2023-11-09 11:30:00,30.44,-10.658431363304167,2.5,止损卖出,2023-11-07,-4.263372545321667
SHSE.603175,超颖电子,2025-10-28,79.95,85.63,76.78,77.4,83.01,23308548.0,1861154714.05,0.0,0.0,False,False,1.0,52.9748,33826069445.4,3405546439.2,True,False,False,,涨停,3天3板,2天2板,0.0700564971751418,-3.686302855077704,0,True,2天2板,0,0.25679275439531213,1,SHSE.603175,2025-10-28 09:30:00,79.95,2025-10-31 11:30:00,74.48,-7.584072714769445,3.5,未涨停卖出,2025-10-28,-3.033629085907778
SHSE.601096,宏盛华源,2023-12-26,5.7,6.16,5.51,5.91,5.88,279341080.0,1647539586.91,0.0,0.0,False,False,1.0,43.0603,15810166570.08,3833935856.01,True,False,False,,涨停,3天3板,2天2板,0.6153846153846156,-3.0612244897959133,0,True,2天2板,0,0.1734693877551019,1,SHSE.601096,2023-12-26 09:30:00,5.7,2023-12-29 11:30:00,5.7,-0.7968127490039895,3.5,未涨停卖出,2023-12-26,-0.3187250996015958
SHSE.603202,天有为,2025-04-25,112.0,116.8,107.6,107.9,116.0,12956704.0,1438012344.5,0.0,0.0,False,False,1.0,39.8133,17264000000.0,3511460050.8,True,False,False,,涨停,2天2板,1天1板,0.03260869565217514,-3.4482758620689653,0,True,1天1板,0,0.07300115874855158,1,SHSE.603202,2025-04-25 09:30:00,112.0,2025-04-29 15:00:00,101.81,-9.822531303358002,3.0,止损卖出,2025-04-25,-3.929012521343201
SZSE.001390,古麒绒材,2025-06-03,26.0,26.88,25.44,25.65,27.02,20878709.0,540981897.09,0.0,0.0,False,False,1.0,42.6106,5130000000.0,1256820425.55,True,False,False,,涨停,3天3板,2天2板,0.14583333333333168,-3.7749814951887477,0,True,2天2板,0,0.00444444444444435,1,SZSE.001390,2025-06-03 09:30:00,26.0,2025-06-05 15:00:00,23.61,-9.91587496169169,3.0,止损卖出,2025-06-03,-3.9663499846766763
SHSE.603381,永臻股份,2024-06-28,28.75,29.5,27.85,28.0,29.7,21250494.0,609255102.45,0.0,0.0,False,False,1.0,40.622,6643177128.0,1464756916.0,True,False,False,,涨停,3天3板,2天2板,0.09090909090909012,-3.1986531986531967,0,True,2天2板,0,0.019169329073482004,1,SHSE.603381,2024-06-28 09:30:00,28.75,2024-07-03 11:30:00,26.5,-8.560540446908021,3.5,未涨停卖出,2024-06-28,-3.4242161787632086
SHSE.603120,肯特催化,2025-04-23,38.01,38.38,37.05,37.4,39.43,9360614.0,351271343.86,43.37,35.49,False,False,1.0,42.2719,3380960000.0,828178942.8,False,False,True,断板,断板,断板,5天5板,0.2631578947368421,-3.6013187927973664,0,True,5天5板,0,0.5418060200668897,1,SHSE.603120,2025-04-23 09:30:00,38.01,2025-04-24 11:30:00,36.1,-5.781766383558095,1.5,未涨停卖出,2025-04-23,-2.312706553423238
SHSE.603334,丰倍生物,2025-11-07,55.12,58.0,53.0,54.42,57.13,14067953.0,773376782.38,0.0,0.0,False,False,1.0,45.3021,7809270000.0,1689938435.76,True,False,False,,涨停,3天3板,2天2板,0.28400000000000036,-3.5182916156135216,0,True,2天2板,0,0.00995024875621928,1,SHSE.603334,2025-11-07 09:30:00,55.12,2025-11-12 11:30:00,52.54,-5.44021302308907,3.5,未涨停卖出,2025-11-07,-2.176085209235628
SHSE.603231,索宝蛋白,2023-12-19,23.78,28.05,23.51,27.19,24.61,24069764.0,611381905.01,0.0,0.0,False,False,1.0,51.3154,5205773064.95,1275360490.62,True,False,False,,涨停,3天3板,2天2板,0.8105726872246697,-3.3726127590410333,0,True,2天2板,0,0.004716981132074539,1,SHSE.603231,2023-12-19 09:30:00,23.78,2023-12-22 11:30:00,26.68,11.301136915751618,3.5,未涨停卖出,2023-12-19,4.520454766300648
SZSE.001359,平安电工,2024-04-02,27.22,27.68,26.58,26.81,28.31,19033426.0,515442632.3,0.0,0.0,False,False,1.0,41.8791,4973339853.65,1218473882.85,True,False,False,,涨停,4天4板,3天3板,0.20909090909090922,-3.8502296008477566,0,True,3天3板,0,0.19620253164556903,1,SZSE.001359,2024-04-02 09:30:00,27.22,2024-04-08 11:30:00,25.69,-6.3728919736191045,2.5,未涨停卖出,2024-04-02,-2.549156789447642
SZSE.001325,元创股份,2025-12-22,55.5,56.58,54.04,54.19,57.49,8450585.0,464923058.05,0.0,0.0,False,False,1.0,43.1152,4248496000.0,1062124000.0,True,False,False,,涨停,3天3板,2天2板,0.05905511811023568,-3.461471560271355,0,True,2天2板,0,0.008869179600886732,1,SZSE.001325,2025-12-22 09:30:00,55.5,2025-12-25 11:30:00,51.85,-7.320986324970388,3.5,未涨停卖出,2025-12-22,-2.9283945299881555
SHSE.603271,永杰新材,2025-03-13,43.85,44.56,42.5,42.56,45.6,15555210.0,673804713.64,0.0,0.0,False,False,1.0,40.3294,8372403200.0,1641554989.76,True,False,False,,涨停,3天3板,2天2板,0.029126213592234083,-3.8377192982456143,0,True,2天2板,0,0.46078431372549034,1,SHSE.603271,2025-03-13 09:30:00,43.85,2025-03-18 11:30:00,41.57,-5.9549260199793865,3.5,未涨停卖出,2025-03-13,-2.3819704079917545
SHSE.603004,鼎龙科技,2023-12-28,29.0,32.18,27.55,30.9,30.08,34571735.0,1015781814.41,0.0,0.0,False,False,1.0,59.9168,7277568000.0,1782917856.3,True,False,False,,涨停,2天2板,1天1板,0.7235421166306693,-3.5904255319148883,0,True,1天1板,0,0.008264462809917179,1,SHSE.603004,2023-12-28 09:30:00,29.0,2024-01-09 11:30:00,30.87,5.600082428905072,7.5,未涨停卖出,2023-12-28,2.240032971562029
SHSE.601112,振石股份,2026-02-02,21.0,22.5,20.5,21.53,21.68,50397174.0,1077517119.45,0.0,0.0,False,False,1.0,28.4328,37470087881.51,3816190476.18,True,False,False,,涨停,3天3板,2天2板,0.5150000000000006,-3.1365313653136515,0,True,2天2板,0,0.13461538461538505,1,SHSE.601112,2026-02-02 09:30:00,21.0,2026-02-05 11:30:00,19.84,-6.276607854297102,3.5,未涨停卖出,2026-02-02,-2.510643141718841
SHSE.603352,至信股份,2026-01-19,53.49,54.31,51.0,52.04,55.68,16792163.0,875507222.14,0.0,0.0,False,False,1.0,37.8011,11795733350.68,2311740238.88,True,False,False,,涨停,3天3板,2天2板,0.3141993957703923,-3.9331896551724097,0,True,2天2板,0,0.019189765458422155,1,SHSE.603352,2026-01-19 09:30:00,53.49,2026-01-22 11:30:00,46.8,-13.20416594977354,3.5,止损卖出,2026-01-19,-5.281666379909416
SZSE.001257,盛龙股份,2026-04-07,21.49,24.41,21.49,23.17,22.26,58565120.0,1353713078.44,0.0,0.0,False,False,1.0,42.7645,42538980429.89,3173084881.96,True,False,False,,涨停,5天5板,4天4板,0.5753424657534254,-3.45911949685536,0,True,4天4板,0,0.008264462809918641,1,SZSE.001257,2026-04-07 09:30:00,21.49,2026-04-08 11:30:00,24.27,12.036358984721883,1.5,未涨停卖出,2026-04-07,4.814543593888754
