trading_date,ic,rank_ic,sample_size
2021-04-02,0.01194294467679181,0.010172875905562252,4025
2021-04-06,-0.0481374493098627,-0.0307003289445435,4065
2021-04-07,-0.09881842930122534,-0.0419022131944426,4070
2021-04-08,-0.049888726805816026,0.006510080915217141,4080
2021-04-09,-0.06720421081785843,-0.02973106287669811,4082
2021-04-12,-0.20852734768055628,-0.20178673415262144,4097
2021-04-13,-0.1590502800009836,-0.18160944586641126,4097
2021-04-14,-0.1732118728530767,-0.20085871013761533,4098
2021-04-15,-0.1197522214369655,-0.1518319493509727,4096
2021-04-16,-0.16174264833082946,-0.18418256965558985,4101
2021-04-19,-0.13096401525603163,-0.13915045412411584,4125
2021-04-20,-0.06618043228862278,-0.0773592223624521,4126
2021-04-21,-0.03785390199826359,-0.05627980454767332,4132
2021-04-22,-0.0661395645410766,-0.08150257127915615,4134
2021-04-23,-0.009784831152557037,-0.0165312373186267,4129
2021-04-26,0.030193238392610365,0.005186312835569249,4134
2021-04-27,-0.015716034148769036,-0.08635720509882991,4122
2021-04-28,0.011260335454871305,-0.0676267732307955,4135
2021-04-29,0.057707156330373564,-0.019126705664213213,4120
2021-04-30,0.06463696784732122,-0.0480022996815896,4112
2021-05-06,0.1476506833236496,0.04489908670498083,4141
2021-05-07,0.2139795562776074,0.13959270440922322,4139
2021-05-10,0.09781844215605247,0.08886956706764525,4139
2021-05-11,0.1280809133622803,0.11011626596106766,4141
2021-05-12,0.029970672728966016,0.028544171173371206,4145
2021-05-13,-0.03657091373174404,-0.0438085460289831,4152
2021-05-14,0.0015663973247485702,-0.03407380036038223,4155
2021-05-17,0.039614236318650915,-0.004335563381150042,4161
2021-05-18,0.007371614873814424,-0.03529476990063448,4154
2021-05-19,-0.0024661262183325707,-0.06867810164926383,4154
2021-05-20,0.0026601781020993086,-0.061490456176351384,4166
2021-05-21,0.016550748270395568,-0.009829571718679552,4166
2021-05-24,0.062416020614709154,0.03736639983863652,4165
2021-05-25,0.04551317184728554,0.012571536886934926,4169
2021-05-26,0.008958961065901286,-0.056157252910692484,4175
2021-05-27,0.01569271609074598,-0.053285600162788244,4179
2021-05-28,0.006854402631092524,-0.03757008703266926,4178
2021-05-31,-0.01849916286406317,-0.05507477356544415,4182
2021-06-01,-0.04591993033853459,-0.07468967416559442,4181
2021-06-02,-0.04753600924171419,-0.05580704300211344,4179
2021-06-03,0.0218496458079696,0.015436060055406575,4181
2021-06-04,-0.04223246253226199,-0.15945442337436042,4184
2021-06-07,-0.06171509983595407,-0.13805124052018367,4181
2021-06-08,-0.05725927860012701,-0.11631448781478529,4185
2021-06-09,0.05455656999416779,0.02718313166517726,4185
2021-06-10,0.042458094133618986,0.0493142638731678,4184
2021-06-11,0.1442558763814034,0.18098059737963734,4188
2021-06-15,0.07245008836531364,0.06643708077166527,4184
2021-06-16,0.08789858977074581,0.08342373396153088,4184
2021-06-17,-0.027836090923871893,-0.048380786827034124,4187
2021-06-18,-0.08732803323698177,-0.1135029525030906,4188
2021-06-21,-0.11285601352906857,-0.13213112856699735,4184
2021-06-22,-0.0967918816957519,-0.1128512024015874,4192
2021-06-23,-0.04825786300681779,-0.05482330850492768,4192
2021-06-24,-0.10124431602517216,-0.12231610650857104,4197
2021-06-25,-0.00027928819000492557,-0.03423976732111377,4203
2021-06-28,0.040757517028358496,0.030653227578351566,4206
2021-06-29,0.05948968875479459,0.03973289256882198,4211
2021-06-30,0.008487018713383703,-0.027472704260028496,4210
2021-07-01,0.1468034896309259,0.1863240318406055,4212
2021-07-02,0.05960940365787476,0.08191805152840043,4217
2021-07-05,0.06477081947048698,0.08564352669615788,4218
2021-07-06,0.09701039317596027,0.10285037298856442,4222
2021-07-07,0.026948296685681133,-0.00019865693052535202,4227
2021-07-08,0.03370891128929193,-0.04498829691323327,4234
2021-07-09,0.032870442697179494,-0.04088754994612617,4235
2021-07-12,0.023930580637701742,-0.02533906884295886,4234
2021-07-13,0.05801722776690586,0.026039903899568607,4238
2021-07-14,0.17934181428532675,0.18605838982506476,4237
2021-07-15,0.1863426221316635,0.19542786277002092,4240
2021-07-16,0.19326246694796453,0.17780298353884952,4246
2021-07-19,0.19943511783133352,0.20093538915083312,4248
2021-07-20,0.13301498812125162,0.1440379948159091,4249
2021-07-21,0.0471864002689783,0.03381850199944955,4248
2021-07-22,0.11545384012869231,0.13501397968907833,4253
2021-07-23,0.10368569444841279,0.11936483338222345,4257
2021-07-26,0.037758628728209474,0.0445026247540284,4261
2021-07-27,0.02499332570089125,0.03426314761492392,4264
2021-07-28,0.11266738482382624,0.14423872908955884,4268
2021-07-29,-0.0007109649770281134,-0.0018861682315188426,4270
2021-07-30,0.019670556298825248,0.06025058790433268,4272
2021-08-02,-0.03896567085091124,-0.01186880729127132,4272
2021-08-03,0.07438387523803236,0.09528883788718581,4276
2021-08-04,0.023521330677962384,0.008015154075041012,4283
2021-08-05,0.025016802197345388,-0.02673631691914292,4287
2021-08-06,-0.01961747627115045,-0.06978792905950848,4288
2021-08-09,-0.007447542027213973,-0.09458280778525328,4289
2021-08-10,-0.04257557145328437,-0.11279600230467696,4294
2021-08-11,-0.0887495591707263,-0.1622898487711849,4292
2021-08-12,-0.06340383267949237,-0.12437089989065997,4295
2021-08-13,-0.0460490069939435,-0.08102127671335822,4299
2021-08-16,0.05832177960405905,0.06075702289563834,4299
2021-08-17,0.055042220153778416,0.07907158829757169,4304
2021-08-18,0.03462588567720439,0.054318986853384,4304
2021-08-19,0.0794027492002086,0.08239885863868592,4305
2021-08-20,0.05424508804914046,0.041223131369027825,4312
2021-08-23,0.06768268242053646,0.05482544811047171,4311
2021-08-24,0.09910271700096199,0.09013914017132951,4314
2021-08-25,0.034685302361983784,0.021343500507358153,4315
2021-08-26,0.08908733263997869,0.08764989018611204,4318
2021-08-27,0.02912881131231236,0.007645030290638376,4318
2021-08-30,-0.016664332579387712,-0.03195221970504251,4322
2021-08-31,-0.03253895765110471,-0.07358354200612897,4322
2021-09-01,-0.006752391893257746,-0.027779603692570754,4323
2021-09-02,-0.015752567624518182,-0.021602243046580986,4322
2021-09-03,0.017186959461623123,0.027216953932726145,4324
2021-09-06,0.11654565492819098,0.16218134909417392,4326
2021-09-07,0.05636104311848736,0.07176929607883117,4331
2021-09-08,0.12447675997765406,0.18972130062546835,4334
2021-09-09,0.07310360844109183,0.08998590169578546,4339
2021-09-10,0.13133808360615898,0.1580998070379621,4340
2021-09-13,0.13467722594458242,0.128943442432999,4344
2021-09-14,0.21723602522233307,0.24996283562572816,4348
2021-09-15,0.07588775675970587,0.04307449896260304,4348
2021-09-16,-0.05721517838750478,-0.1049618210032583,4349
2021-09-17,0.012171147131360688,-0.02474555852325535,4351
2021-09-22,-0.12501895837620836,-0.11390505953768197,4347
2021-09-23,-0.08564993501250918,-0.10712595348138892,4351
2021-09-24,-0.02536216473881196,-0.032597794173854625,4351
2021-09-27,-0.03230189022854177,-0.018929288228550393,4349
2021-09-28,-0.14524841303505154,-0.09829338072570376,4353
2021-09-29,-0.26138469915778784,-0.2340719103071644,4358
2021-09-30,-0.29774805988903397,-0.26928060114216074,4362
2021-10-08,-0.3292682143606348,-0.33224474835247797,4366
2021-10-11,-0.19802242911675158,-0.22330379262472205,4369
2021-10-12,-0.17308360575427048,-0.22444398937558285,4373
2021-10-13,0.009409506203625786,-0.0649581954250876,4375
2021-10-14,0.09542188030153817,0.04018085606155761,4375
2021-10-15,0.07980434124732684,0.03663111919978288,4378
2021-10-18,0.04384025438332058,0.008124386688798727,4382
2021-10-19,-0.028580324144893258,-0.06949680396291998,4382
2021-10-20,0.014489540981928402,0.012266720102946332,4384
2021-10-21,0.002573917232903822,0.02408824446499056,4385
2021-10-22,0.020954984962112993,0.028344174036773622,4389
2021-10-25,-0.011760589125904896,-0.024567014338458926,4389
2021-10-26,0.03651628665970126,0.020358364292323006,4392
2021-10-27,0.01771602335418515,-0.01756865683913328,4394
2021-10-28,-0.005907218949055944,-0.06458388905253701,4401
2021-10-29,-0.02768737107715075,-0.07472685754618999,4404
2021-11-01,-0.04051126822065251,-0.09422371303976854,4406
2021-11-02,-0.057878967996766374,-0.15100409915989174,4409
2021-11-03,-0.049570273799283554,-0.14058260259366478,4409
2021-11-04,-0.08464196559863028,-0.1733940338227109,4413
2021-11-05,-0.030856407860701544,-0.10990682368329478,4417
2021-11-08,0.004322528135772442,-0.04674274798275605,4419
2021-11-09,0.04330251032953708,-0.019055072882625725,4415
2021-11-10,0.017481979815238243,-0.06969920383234991,4417
2021-11-11,-0.04666255430813544,-0.12196585414053795,4417
2021-11-12,-0.10769554552026014,-0.18137421596543232,4422
2021-11-15,-0.04053730685415277,-0.10699339236961916,4426
2021-11-16,-0.05240254034933236,-0.12433883206134955,4429
2021-11-17,-0.013374249717201301,-0.11935167948379008,4430
2021-11-18,0.025502995658826504,-0.040843401508909506,4435
2021-11-19,0.03173376379905034,-0.043578405585066066,4438
2021-11-22,0.043099016990714466,-0.012120003333706308,4438
2021-11-23,-0.0012443964496511827,-0.006969879654462771,4441
2021-11-24,-0.06471876712300913,-0.0661953156638863,4442
2021-11-25,-0.07531327628943786,-0.13739767916779655,4443
2021-11-26,-0.11377314008325738,-0.1799507851097173,4442
2021-11-29,-0.22006153479099574,-0.33013898151019555,4443
2021-11-30,-0.2687618712184556,-0.3910450789203506,4444
2021-12-01,-0.2188523537136053,-0.3133518031317004,4444
2021-12-02,-0.182592584993504,-0.26871634133134653,4447
2021-12-03,-0.09469493063625677,-0.2017012752232026,4445
2021-12-06,-0.03743601280497222,-0.10666092592556778,4447
2021-12-07,0.08135204366653846,0.07039803317442103,4449
2021-12-08,0.04690484598539286,-0.012517762042150032,4451
2021-12-09,0.024761813873123945,-0.05134315541052734,4454
2021-12-10,0.027193127510338977,-0.07186496531575176,4458
2021-12-13,0.10219397506171371,0.031036653051856548,4459
2021-12-14,0.07448158289001539,0.043118221173815016,4462
2021-12-15,0.07492534000010258,0.05310085121227517,4462
2021-12-16,0.028104555992187863,0.034329432410198604,4463
2021-12-17,-0.03299146030814129,0.00447272644644216,4466
2021-12-20,-0.11829404049611762,-0.06540215445789738,4469
2021-12-21,-0.16716965864925915,-0.15269583920863775,4470
2021-12-22,-0.12537702333977147,-0.09679675806667387,4472
2021-12-23,0.013193942459946631,0.035315866352530846,4478
2021-12-24,-0.01961074183798658,-0.01844366175603407,4478
2021-12-27,0.0905485365999052,0.11160323456763682,4480
2021-12-28,0.1981423038980596,0.2453116946568735,4482
2021-12-29,0.2107167608411301,0.2565276464537275,4484
2021-12-30,0.14191345048425555,0.17827537567561888,4483
2021-12-31,0.16127198629433176,0.19733913156800964,4482
2022-01-04,0.11149063677812987,0.1320259557116032,4483
2022-01-05,0.07271358099544625,0.04040579875872975,4484
2022-01-06,0.08164317479849202,0.08516474992637832,4486
2022-01-07,0.15203805271360116,0.06514660580527239,4489
2022-01-10,0.12376731688120225,0.021446029572941203,4491
2022-01-11,-0.031150401175584933,-0.09920605008230009,4494
2022-01-12,0.0513524814396918,0.07366222295203625,4497
2022-01-13,0.03534752955442375,0.04859549866774785,4500
2022-01-14,-0.06579812099916187,0.04115475010376925,4500
2022-01-17,-0.11516789727110255,-0.018524704302737255,4501
2022-01-18,-0.055385582005023096,0.004655146707213476,4506
2022-01-19,-0.17503672985412488,-0.14247249480163984,4509
2022-01-20,-0.26655891061277853,-0.21855647085785765,4511
2022-01-21,-0.19803485442985336,-0.1754025843231266,4512
2022-01-24,-0.13526887081677846,-0.1087795188572512,4515
2022-01-25,-0.030169540395917654,-0.012832978039969856,4515
2022-01-26,0.08485325331813022,0.05541826125232805,4516
2022-01-27,0.18677159165920257,0.12879540643787996,4519
2022-01-28,0.20350450942144982,0.13605000155335453,4521
2022-02-07,0.30205093319475307,0.2397555549527839,4521
2022-02-08,0.18877889396681766,0.1443924947722304,4520
2022-02-09,0.10554010391053958,0.07678566713219509,4524
2022-02-10,-0.0711446463756547,-0.08409314656194468,4527
2022-02-11,-0.07896894942736886,-0.08326849476908979,4530
2022-02-14,-0.053573397583327145,-0.09023143398942315,4533
2022-02-15,0.02350714376063912,-0.045189039993780884,4537
2022-02-16,-0.03411587999632475,-0.10474787942042353,4538
2022-02-17,-0.037697520019946584,-0.1066173639814566,4541
2022-02-18,-0.12422135132572638,-0.1783602135328007,4543
2022-02-21,-0.16034339023676675,-0.1438509818007517,4545
2022-02-22,-0.18432943267768714,-0.16393675164396507,4544
2022-02-23,-0.1106437658129749,-0.08041632071008198,4545
2022-02-24,-0.04846645112379468,-0.048481623807749744,4546
2022-02-25,-0.027067659389739294,-0.04030917569959173,4549
2022-02-28,0.050329470334396796,-0.0006233171988321096,4549
2022-03-01,0.09043817588438466,0.045872601750266605,4550
2022-03-02,0.13750235023928045,0.10676801294997292,4551
2022-03-03,0.05742280411034257,0.0490549911560785,4552
2022-03-04,0.07662442436845486,0.07655065770046907,4554
2022-03-07,-0.003235841932643111,-0.0019589401402163712,4556
2022-03-08,0.007933024606623129,-0.012518793497866837,4557
2022-03-09,-0.04015964099770783,-0.06079266340250441,4556
2022-03-10,-0.04716073427179391,-0.07618450744742875,4558
2022-03-11,-0.013771766229614171,-0.057284414518600425,4562
2022-03-14,0.026711688773853604,-0.0425585621554602,4565
2022-03-15,-0.06349863885113563,-0.11243367233580928,4567
2022-03-16,-0.15401729115004667,-0.19217178930883932,4571
2022-03-17,-0.10539914072205273,-0.1284611971304227,4573
2022-03-18,-0.13586695422658487,-0.17146173461537312,4572
2022-03-21,-0.20149409503252555,-0.1977396015773247,4575
2022-03-22,-0.11575148958243359,-0.08240102908561692,4576
2022-03-23,-0.02652251597050222,-0.009305513832925534,4581
2022-03-24,-0.042046214823146175,-0.09288643207852612,4582
2022-03-25,-0.057973810355128656,-0.06378112820353649,4584
2022-03-28,-0.02078201547502908,-0.044144243130356545,4586
2022-03-29,-0.06134707650771503,-0.10762831755638073,4590
2022-03-30,-0.027368168852039618,-0.07020487052601573,4590
2022-03-31,-0.0028101894792455393,-0.012728236690853583,4588
2022-04-01,-0.005982349961224564,-0.0007764108088598661,4589
2022-04-06,-0.054109810206171366,-0.028616836547399903,4587
2022-04-07,0.01108674638188361,0.03140547754454036,4587
2022-04-08,-0.03855819225811278,-0.0014562149974591332,4587
2022-04-11,-0.14018645233906707,-0.1169868761046156,4588
2022-04-12,-0.07751517185720991,-0.054629838753257755,4590
2022-04-13,-0.10097245213305489,-0.08808367114689822,4595
2022-04-14,-0.13507871915414169,-0.1082995831855032,4598
2022-04-15,-0.12248690062338549,-0.10632336104102613,4595
2022-04-18,0.012645546314286426,0.05283999623571615,4593
2022-04-19,0.0730995021464114,0.08976370161442393,4597
2022-04-20,-0.008575357032619437,0.03290787147823676,4599
2022-04-21,-0.0049911789817518905,0.04514100347049067,4601
2022-04-22,-0.019310382807963246,0.021307054531674134,4602
2022-04-25,-0.05048954310625408,-0.06112039757875529,4603
2022-04-26,-0.10597588480506355,-0.14592870563470076,4602
2022-04-27,-0.018961083580498556,-0.08976325216909775,4600
2022-04-28,-0.019819289338244766,-0.11195233126610771,4593
2022-04-29,0.012296446053266295,-0.05527273543054167,4590
2022-05-05,-0.05241383540702502,-0.1252774168740598,4539
2022-05-06,-0.020184668640436772,-0.041706945401334766,4573
2022-05-09,-0.007862637192265029,-0.00036491181947956644,4571
2022-05-10,-0.05606297720191317,9.790385171986555e-05,4574
2022-05-11,-0.11311883093077674,-0.0767184044031629,4576
2022-05-12,-0.11866914522399925,-0.08574801811237724,4575
2022-05-13,-0.11626832967477023,-0.08837244829765654,4577
2022-05-16,-0.1709015417778115,-0.15643453167710747,4577
2022-05-17,-0.1400863226709695,-0.1440933875426021,4581
2022-05-18,-0.1319225421172866,-0.15686574948123888,4581
2022-05-19,-0.16876414719349148,-0.18562958389438688,4581
2022-05-20,-0.13233914705952263,-0.1957219967688358,4584
2022-05-23,-0.068138339581852,-0.09536027778247673,4586
2022-05-24,-0.10539312816345588,-0.12632898942679532,4585
2022-05-25,-0.09725662776453581,-0.0951622898073164,4588
2022-05-26,-0.024080046643503227,-0.004564901417506722,4592
2022-05-27,-0.024089052163960744,0.027388839413733927,4592
2022-05-30,-0.0719652216453567,-0.03878314750444807,4595
2022-05-31,-0.01916450025553602,-0.007603726851949686,4601
2022-06-01,-0.06504956801658451,-0.06429062512450265,4596
2022-06-02,-0.07457460308825124,-0.08628343601489226,4594
2022-06-06,-0.029129267104497834,-0.06641289688834397,4605
2022-06-07,0.02810903022654825,0.005330915180641428,4608
2022-06-08,-0.04088402318153914,-0.05474717495844626,4608
2022-06-09,0.028308286378878972,0.02263758578634948,4606
2022-06-10,0.039275578490298294,0.04728326128187211,4611
2022-06-13,-0.02240580389143666,-0.03474192558183467,4613
2022-06-14,-0.08052430242569276,-0.11028737053842283,4610
2022-06-15,-0.03671509614786021,-0.08247162789372277,4611
2022-06-16,0.0537676878684942,0.047620778767644145,4613
2022-06-17,-0.010605342110168262,-0.02778228475094582,4612
2022-06-20,0.038387355618345956,0.023455745130201405,4611
2022-06-21,0.12550553166884992,0.13694113042680597,4618
2022-06-22,0.00404007307742453,-0.018287472643072362,4615
2022-06-23,-0.08734569947636137,-0.11891712777821259,4618
2022-06-24,-0.107288872791269,-0.18223821007072755,4618
2022-06-27,-0.13535077088656128,-0.1657835074802252,4622
2022-06-28,-0.18456474063833775,-0.22619614489912437,4626
2022-06-29,-0.013630956841387841,0.0006894780490196922,4626
2022-06-30,0.048961456773464786,0.05832084209930013,4628
2022-07-01,0.048371657440602865,0.014399585105936544,4634
2022-07-04,0.01649952573954924,-0.05366389307884739,4632
2022-07-05,-0.03155363560743839,-0.13141831465029233,4635
2022-07-06,-0.0949937591362125,-0.20759633444624004,4638
2022-07-07,-0.05936359150497015,-0.13226770169467886,4639
2022-07-08,0.05785171481391957,0.059846219611998416,4642
2022-07-11,0.07413158706198164,0.07061418430755088,4642
2022-07-12,0.10450056594381962,0.09633326525888469,4640
2022-07-13,0.09877498982085217,0.1057037984940417,4640
2022-07-14,0.06953531306686474,0.01148593044338059,4644
2022-07-15,-0.0002569358474052478,-0.09301487949709636,4650
2022-07-18,-0.07521269723816883,-0.12702510641618622,4655
2022-07-19,-0.06928592414007032,-0.10521739417906786,4658
2022-07-20,-0.01254366873638611,-0.04021024134760253,4662
2022-07-21,-0.004944579766565187,-0.02584920969258376,4663
2022-07-22,0.023429450271811442,0.028305518058017277,4664
2022-07-25,0.08845498841555798,0.13929103040518329,4659
2022-07-26,0.08354048115619714,0.14367675736853003,4664
2022-07-27,0.006479307672463377,0.0690546062184578,4668
2022-07-28,-0.013709699993387866,0.07922185726345399,4668
2022-07-29,-0.09893885333359917,-0.04479128957368515,4668
2022-08-01,-0.05075987412945605,-0.003841752350186696,4669
2022-08-02,-0.038655505051779025,0.004513021975371419,4671
2022-08-03,0.04167613732544,0.06040613735064404,4672
2022-08-04,0.004872883617714501,-0.00997881941720308,4674
2022-08-05,0.037997877274109165,-0.04538564116575964,4673
2022-08-08,0.038528357194832344,-0.06658781982217614,4674
2022-08-09,0.003100885339049215,-0.10357098688696127,4675
2022-08-10,-0.12094888772337674,-0.2364632114454682,4674
2022-08-11,0.04423065701263418,0.0015719713101212047,4672
2022-08-12,-0.003798799439960542,-0.04176834721767621,4676
2022-08-15,-0.10996348869071815,-0.16268937664668845,4673
2022-08-16,-0.07904631861906734,-0.11599200968062032,4679
2022-08-17,-0.1289543229488253,-0.212836575258083,4679
2022-08-18,-0.26884398273294774,-0.36507581758959357,4682
2022-08-19,-0.2606032274667583,-0.33667134586014913,4683
2022-08-22,-0.19414953399249876,-0.25788710867916076,4681
2022-08-23,-0.27403216442867484,-0.32345125847459893,4681
2022-08-24,-0.2892992430196073,-0.32920717960635737,4681
2022-08-25,-0.26852531035916494,-0.30200213688123884,4682
2022-08-26,-0.17361240545364115,-0.19453459690744465,4687
2022-08-29,-0.14970802740553263,-0.1760873220034703,4689
2022-08-30,-0.07257002369446658,-0.09369292034830551,4693
2022-08-31,0.014090096870664492,0.032989831358002236,4694
2022-09-01,-0.012608667515388583,-0.0005068849823989145,4692
2022-09-02,-0.06597522889382944,-0.05884169257196395,4694
2022-09-05,-0.13838162256115577,-0.13852540479298817,4695
2022-09-06,-0.09802527478531936,-0.07477018753800832,4694
2022-09-07,-0.0027170962589385434,0.050327573078210584,4694
2022-09-08,-0.00837761345951704,0.05107027433753629,4697
2022-09-09,0.05744422657466732,0.10455932107487378,4697
2022-09-13,0.04197062978675013,0.07244200505964539,4695
2022-09-14,0.030387479245642456,0.03263823615017003,4699
2022-09-15,-0.07992104867159455,-0.1289670116216795,4698
2022-09-16,-0.02591129766807476,-0.05116714314946421,4701
2022-09-19,-0.07861806621827358,-0.10573374564295097,4701
2022-09-20,-0.05720058707123057,-0.044624083134831655,4702
2022-09-21,-0.0032737973564469897,0.03210115395192902,4706
2022-09-22,-0.04262644170135429,0.014438041762671444,4706
2022-09-23,-0.033874245270949316,0.012113944050597413,4709
2022-09-26,0.021934783100986975,0.09849218872755244,4709
2022-09-27,-0.013924568618948554,0.050745562658396894,4711
2022-09-28,-0.13313079953222906,-0.13604253768076982,4714
2022-09-29,-0.11953316814916715,-0.16346935731426013,4714
2022-09-30,-0.11766069832542951,-0.2064180555086858,4715
2022-10-10,-0.13987087708692342,-0.2650948794405272,4718
2022-10-11,-0.07111436035660779,-0.1727674847503057,4718
2022-10-12,-0.01395940632997919,-0.11997978678527618,4719
2022-10-13,-0.009787683657156463,-0.0962653902804946,4718
2022-10-14,-0.05258337773663882,-0.13864183339200326,4723
2022-10-17,-0.09536050392116979,-0.15430660296377807,4720
2022-10-18,-0.18237625616483982,-0.2388548228053349,4720
2022-10-19,-0.10418176306207387,-0.13079057825711984,4722
2022-10-20,-0.07660671194313234,-0.07202295046289614,4722
2022-10-21,-0.01562661163606487,0.016977443242173578,4725
2022-10-24,0.054992134053635774,0.029276480397309446,4728
2022-10-25,0.09966523795561821,0.0726370518025099,4727
2022-10-26,0.02991107387260284,0.012468249227021139,4726
2022-10-27,-0.005847043206662668,-0.011802434136465107,4728
2022-10-28,-0.0951982807770885,-0.1358689063145708,4733
2022-10-31,-0.15964875979750628,-0.19840337751264203,4732
2022-11-01,-0.10186458259003435,-0.1798720261214664,4734
2022-11-02,-0.05936852791999714,-0.1520911895210843,4734
2022-11-03,0.040165496049833015,-0.06729623693834484,4735
2022-11-04,0.002382640798214997,-0.09637100581698471,4742
2022-11-07,0.10310957022263073,0.03800243064510975,4746
2022-11-08,0.08091472346607863,0.019675623623227067,4745
2022-11-09,0.025680506311542745,-0.025046533244604312,4746
2022-11-10,0.01953310666935218,-0.008861947322916397,4751
2022-11-11,0.12079004364393346,0.10784867888022168,4754
2022-11-14,0.055527399550109414,-0.002675169875570131,4753
2022-11-15,-0.008306788478306577,-0.053596202248830084,4755
2022-11-16,-0.10181020090484456,-0.14125054233862894,4756
2022-11-17,-0.1803915596524622,-0.23758809727203897,4761
2022-11-18,-0.21553021377953416,-0.24631812801521238,4763
2022-11-21,-0.20925289546576084,-0.21920111906630255,4765
2022-11-22,-0.0620959894375999,-0.1040549995254166,4769
2022-11-23,0.058810530457370565,-0.02077277025865136,4770
2022-11-24,0.018864106646971614,-0.006916885329337695,4775
2022-11-25,0.025115540262231575,-0.055283749448320894,4777
2022-11-28,0.04634958800271799,0.011649077966214724,4780
2022-11-29,-0.07652998692731476,-0.09258924664300375,4782
2022-11-30,-0.020700880431166406,-0.033422304879479184,4786
2022-12-01,0.04263488176333506,0.06657815372542812,4786
2022-12-02,0.04517593804894175,0.09034838524100042,4788
2022-12-05,-0.01009007639355034,-0.010393192044372892,4786
2022-12-06,0.10507652394587431,0.14338213988157464,4786
2022-12-07,0.06971574881628852,0.11220858475840272,4786
2022-12-08,-0.002530375855462178,-0.028222220905167558,4789
2022-12-09,0.09355439559857279,0.09999509625661511,4792
2022-12-12,0.08279832603479743,0.1314542209873876,4797
2022-12-13,-0.15527298473772888,-0.18061042689899315,4798
2022-12-14,-0.027014068805119962,-0.02814616879062214,4798
2022-12-15,0.10770569884950139,0.1503714234419373,4798
2022-12-16,-0.05899737958272189,-0.051240189012633205,4804
2022-12-19,-0.1376453296926997,-0.1903196958789922,4801
2022-12-20,-0.052812376253638556,-0.06526442985969184,4805
2022-12-21,-0.147288299303919,-0.16329617953906342,4801
2022-12-22,-0.20625153377459182,-0.24827372580772,4809
2022-12-23,-0.1281185235225412,-0.1970698204801664,4814
2022-12-26,-0.12030447185839907,-0.20059525694240826,4814
2022-12-27,-0.09126881097768824,-0.1554979670204061,4818
2022-12-28,-0.17589062935510588,-0.2292017349739127,4818
2022-12-29,-0.20825164564737608,-0.24030486738346643,4824
2022-12-30,-0.22510477421511998,-0.24656376425767804,4823
2023-01-03,-0.18145754110010776,-0.15971419481013946,4826
2023-01-04,-0.1817046492375274,-0.15820717711245919,4830
2023-01-05,-0.17683132403497373,-0.15669307029628599,4832
2023-01-06,-0.09687869319916859,-0.08279523472097043,4831
2023-01-09,-0.1469958013292942,-0.14460730486154405,4828
2023-01-10,-0.15993213773613077,-0.1622485226480035,4834
2023-01-11,-0.16931927994208165,-0.17764134760025774,4838
2023-01-12,-0.21639559067674674,-0.1887268942815565,4835
2023-01-13,-0.21624225204553407,-0.20562233650839173,4834
2023-01-16,-0.12160900932026472,-0.14878772298099896,4835
2023-01-17,-0.11051436091021277,-0.17902478193366805,4836
2023-01-18,-0.049864699288221064,-0.11870330900681217,4839
2023-01-19,-0.014000398532655521,-0.0877342351041631,4837
2023-01-20,0.01311434786393143,-0.021266155758576603,4839
2023-01-30,-0.03019832449530596,-0.04389381564205733,4840
2023-01-31,-0.0094814373127426,-0.004237750592941021,4841
2023-02-01,-0.0491786777302729,-0.0516927975308862,4842
2023-02-02,0.0234563351749379,0.06420053237534515,4844
2023-02-03,-0.014425671963522417,-0.016921705248500923,4843
2023-02-06,-0.024271359010996335,-0.06100316047641492,4846
2023-02-07,-0.09187469209056572,-0.14723560586480847,4849
2023-02-08,0.04728302943376037,0.03672740684371099,4850
2023-02-09,-0.0653763542336385,-0.11576224608128992,4852
2023-02-10,-0.10645028252254461,-0.15972122396233673,4853
2023-02-13,-0.06384888761775531,-0.09262646724291476,4855
2023-02-14,-0.030900532529926642,-0.06239800912189454,4853
2023-02-15,-0.1902917149511832,-0.21175431075538803,4858
2023-02-16,-0.1600087982957714,-0.13961108982598525,4859
2023-02-17,-0.007522007429752846,0.02831189298614168,4861
2023-02-20,-0.08146339928987743,-0.06000467781562706,4864
2023-02-21,-0.0799414806626774,-0.09289441430080671,4865
2023-02-22,0.023402735538258453,0.0030030430270005597,4865
2023-02-23,0.11700171907750564,0.07213153735534798,4864
2023-02-24,0.011466249456516277,-0.017057759812571363,4864
2023-02-27,0.004950941374079798,-0.04593605388858176,4863
2023-02-28,-0.002636559060948291,-0.042502804983383574,4865
2023-03-01,0.011652501703563762,-0.030633267917454476,4867
2023-03-02,-0.012183778161888705,-0.03573804087452468,4870
2023-03-03,0.034292157516512274,0.02856389699787006,4871
2023-03-06,0.13606739008090585,0.1481830881435228,4872
2023-03-07,0.13637976479739553,0.15028361202037163,4872
2023-03-08,0.06452592063604033,0.10242886973747171,4871
2023-03-09,0.06678351712781401,0.07393996741067321,4873
2023-03-10,0.1477837261804478,0.14762252165882933,4875
2023-03-13,0.08055402814291236,0.11212854395993477,4879
2023-03-14,-0.010978117920923052,-0.004694617269967843,4880
2023-03-15,0.020124725406751687,0.039763539399625396,4880
2023-03-16,0.019816833849935617,0.04388265705861498,4881
2023-03-17,-0.09024163220865065,-0.0830043714801386,4882
2023-03-20,-0.033119884908658116,-0.07126191627562262,4880
2023-03-21,0.005141651077063584,-0.011526438022739416,4881
2023-03-22,0.012659025769406942,0.0010662168344497476,4881
2023-03-23,-0.08500971581888632,-0.10042850044990537,4884
2023-03-24,-0.02786426075347953,-0.07172873775425058,4887
2023-03-27,0.04959063180911817,0.0036056036916932415,4890
2023-03-28,0.20297348600382878,0.18630898377138116,4892
2023-03-29,0.20581747638651984,0.17463429031158195,4895
2023-03-30,0.25410487571151097,0.22263400893091798,4894
2023-03-31,0.13767264108748026,0.16120287525301258,4896
2023-04-03,0.0909655721457628,0.1343632573021486,4895
2023-04-04,0.12039591823060476,0.12391822247444831,4896
2023-04-06,0.001969790693542405,-0.028636584601904186,4895
2023-04-07,0.027937862755058343,0.028230497031736544,4894
2023-04-10,0.004757299401431074,-0.027781265222405878,4894
2023-04-11,-0.05127013817452901,-0.07999424386298001,4895
2023-04-12,-0.05708070851885962,-0.07011956992995272,4894
2023-04-13,0.12004684396189094,0.09949396312133127,4895
2023-04-14,-0.015981337321428327,-0.047543230643485236,4892
2023-04-17,0.09060006095589558,0.0014653659919899244,4892
2023-04-18,0.07169636239845975,0.0021413023512164104,4895
2023-04-19,-0.06348352372246016,-0.13807333020734286,4894
2023-04-20,-0.17126161845974774,-0.19656677534289188,4897
2023-04-21,-0.08169661689169362,-0.17654239755971268,4895
2023-04-24,-0.0698509929428863,-0.14953474992284843,4894
2023-04-25,-0.09968262898128773,-0.18132110781474836,4894
2023-04-26,-0.060350602467504434,-0.12428214096135606,4887
2023-04-27,-0.048378135071430343,-0.13958136209682245,4883
2023-04-28,-0.09171957084879755,-0.15850141092294148,4872
2023-05-04,-0.15543891829297557,-0.16480410483251423,4835
2023-05-05,-0.1307567582290899,-0.15345548541921597,4872
2023-05-08,-0.13609156187668794,-0.12636573181023938,4874
2023-05-09,-0.13061863418862774,-0.12233323964083685,4872
2023-05-10,-0.12729917394094825,-0.14666148723490394,4873
2023-05-11,-0.1280743976745625,-0.16640037252934042,4874
2023-05-12,-0.1919673414375395,-0.2334283600016496,4875
2023-05-15,-0.23305507219658342,-0.2853876662932936,4874
2023-05-16,-0.22060418524289585,-0.3010320418511219,4879
2023-05-17,-0.1973780428127373,-0.30051914045388733,4882
2023-05-18,-0.13851527277535705,-0.21859776567287575,4882
2023-05-19,-0.041689486609489214,-0.12282177132913011,4884
2023-05-22,-0.004210105747575417,-0.06532087501401267,4883
2023-05-23,0.04106558183132738,-0.010089307820356424,4884
2023-05-24,-0.03291130086054076,-0.04365356305433668,4885
2023-05-25,-0.06836637568441296,-0.11067378763584802,4886
2023-05-26,-0.08986038440158507,-0.15832562173312328,4884
2023-05-29,-0.07007649929809204,-0.165405551463216,4882
2023-05-30,-0.09732251961076242,-0.16335949888212972,4882
2023-05-31,-0.04694497180292508,-0.11116935045083061,4884
2023-06-01,-0.03779591740413657,-0.08351452805343226,4885
2023-06-02,0.023712673494067124,-0.020825376113003766,4885
2023-06-05,0.019289197745210682,0.0005634266983360369,4886
2023-06-06,0.028040371893923385,0.008593263770340382,4885
2023-06-07,-0.00890071844972452,-0.007821277504565327,4884
2023-06-08,0.016671492514977408,0.023163901576694283,4886
2023-06-09,-0.023061229438785198,-0.04078881896132462,4888
2023-06-12,-0.028515633983098514,-0.040448843178787316,4891
2023-06-13,-0.03102097000813292,-0.03845831734599486,4894
2023-06-14,-0.03151947902971637,-0.03624227844881129,4894
2023-06-15,-0.01670413457852623,-0.018738521553070844,4896
2023-06-16,0.009215147718308564,0.03607862482324998,4896
2023-06-19,-0.009943076315960657,0.011210819637594745,4898
2023-06-20,0.0006519741889215504,-0.014193967156845202,4897
2023-06-21,-0.028723311582164998,-0.05212574724791816,4900
2023-06-26,-0.0608609454451059,-0.10866640170768221,4899
2023-06-27,0.08536393017238211,0.02505268078823851,4898
2023-06-28,0.035927274175956474,-0.03370704895121894,4901
2023-06-29,0.050869659515617095,-0.03395513602284103,4898
2023-06-30,0.024089749251004305,-0.03739984440250108,4900
2023-07-03,0.012047778689331424,-0.026744096235752583,4902
2023-07-04,-0.02709396619754632,-0.03772471592997633,4906
2023-07-05,0.02903027181284774,0.022451397524767217,4908
2023-07-06,-0.08044554595595055,-0.10734751195400839,4910
2023-07-07,-0.09870835176467932,-0.15444589811227724,4921
2023-07-10,-0.08822611431829303,-0.10842509051657491,4921
2023-07-11,-0.08575362093282463,-0.07838895338066355,4920
2023-07-12,-0.19394412086155782,-0.22289115135302126,4921
2023-07-13,-0.1249900953244238,-0.1493058070271698,4922
2023-07-14,-0.1589580830761827,-0.14019046927351295,4924
2023-07-17,-0.19570594994738008,-0.19473642659437926,4928
2023-07-18,-0.225468250069832,-0.2650466694606518,4928
2023-07-19,-0.19897668511825436,-0.1842795086772236,4930
2023-07-20,-0.15969968147797098,-0.12667579142783242,4931
2023-07-21,-0.11447140735213669,-0.07819776509122575,4932
2023-07-24,-0.018778022901528347,0.02147656288363737,4932
2023-07-25,0.013003711475836831,0.0702193336366698,4933
2023-07-26,-0.02148331818210984,0.029882819468079493,4933
2023-07-27,0.040666843484285495,0.04186660957833467,4932
2023-07-28,-0.0012314546658493105,-0.07462506528035914,4933
2023-07-31,-0.09736146437447352,-0.1724514164465384,4936
2023-08-01,-0.06952600792934398,-0.1608178094828048,4936
2023-08-02,-0.038676765774439424,-0.09977722289715502,4936
2023-08-03,-0.09301790878849217,-0.1723605085242955,4939
2023-08-04,-0.022072873823544517,0.013550580688971733,4940
2023-08-07,-0.04631377066468145,0.016597927837290975,4941
2023-08-08,0.039727019314713036,0.12037755532511409,4941
2023-08-09,0.14299095466521405,0.22163612985030876,4943
2023-08-10,0.05130264611701339,0.06684069455435514,4945
2023-08-11,-0.005347480965064384,0.011125741580684485,4947
2023-08-14,0.037172313273326284,0.068385334039622,4949
2023-08-15,-0.0880173388681673,-0.13921019948024405,4951
2023-08-16,-0.18856107386409662,-0.23698899840360615,4952
2023-08-17,-0.13081159585138663,-0.10546868215995758,4953
2023-08-18,-0.00013083716767214483,0.06548490731906714,4954
2023-08-21,-0.0072035390802341,0.09761133914757475,4954
2023-08-22,-0.011187131841819065,0.05415013388435885,4954
2023-08-23,-0.14675632632583113,-0.14807415204573132,4956
2023-08-24,-0.07420966577627851,-0.0980210938951015,4956
2023-08-25,-0.1757097756401209,-0.1927536117059045,4958
2023-08-28,-0.2068957686890151,-0.2133802899127749,4961
2023-08-29,-0.23181050936223258,-0.21017576937335786,4961
2023-08-30,-0.19070661817209414,-0.1768969748200331,4963
2023-08-31,-0.1515385658928347,-0.1146002841419137,4963
2023-09-01,-0.10966490692121537,-0.12582698510291895,4964
2023-09-04,-0.14973389855237765,-0.1584737786953843,4966
2023-09-05,-0.1385196072451166,-0.13708005858865305,4969
2023-09-06,0.0009340979432021655,0.03338367930811174,4969
2023-09-07,-0.009308404720507236,0.006428349066698736,4970
2023-09-08,0.0035356766090178376,0.01696706659215735,4971
2023-09-11,0.012224129220749409,0.004338699423484003,4971
2023-09-12,0.054522961236788535,0.05925529366915787,4974
2023-09-13,-0.047268202252637476,-0.008164811614218899,4976
2023-09-14,-0.0377417344554176,-0.01627116254702418,4979
2023-09-15,-0.10641192645526044,-0.13784862817135787,4978
2023-09-18,0.060381471556125194,0.07594449532312107,4982
2023-09-19,-0.008666215045010358,-0.0357446667205713,4985
2023-09-20,-0.0011384369506554002,-0.052327594690424584,4986
2023-09-21,0.0019466002984282575,-0.060097347208574875,4989
2023-09-22,0.13933145524909987,0.07402992607621989,4991
2023-09-25,0.07295886759240222,-0.036045802055300516,4991
2023-09-26,0.10755200489383071,0.039036496091728844,4992
2023-09-27,0.0830050671571283,0.029611123290092776,4992
2023-09-28,0.1488689330023315,0.1298928238172246,4991
2023-10-09,0.12476066089649566,0.12918155284205424,4993
2023-10-10,0.06257565203429812,0.11149679051952491,4995
2023-10-11,0.09127413628206078,0.0819018186358318,4997
2023-10-12,0.019140395531756473,0.005881334105641101,4999
2023-10-13,-0.16369826642906707,-0.18181903670262264,5000
2023-10-16,-0.12358235541089763,-0.1365083549549867,5003
2023-10-17,-0.10486030097108161,-0.17721155166664423,5004
2023-10-18,-0.11699168252539899,-0.19230458311609486,5006
2023-10-19,0.04898940315766012,-0.03931397380879894,5010
2023-10-20,0.09510146161431482,0.05261753924536501,5012
2023-10-23,0.05223466488729856,0.05493844344716206,5014
2023-10-24,0.06657140089222659,0.09796631182201304,5014
2023-10-25,-0.00489222954849634,0.05363280287797717,5019
2023-10-26,-0.07568075542149391,-0.04554366585465273,5020
2023-10-27,-0.06240784277454635,-0.04878024307217308,5021
2023-10-30,-0.04920263767026638,-0.09100080492096474,5019
2023-10-31,0.05136289831991019,-0.015450901322449225,5023
2023-11-01,0.08104170925893077,-0.00011465326242205995,5024
2023-11-02,-1.1885872825332059e-05,-0.032862458184102675,5025
2023-11-03,-0.0028397761305250014,-0.029847320827720434,5027
2023-11-06,-0.07657796697641078,-0.1039892843299384,5022
2023-11-07,-0.11150905978723419,-0.13539244347845625,5025
2023-11-08,-0.12430340532289964,-0.1319675285228607,5030
2023-11-09,0.015906612706038065,-0.05402189065505805,5029
2023-11-10,0.04059983618062034,0.0022204364502026873,5030
2023-11-13,0.06563207384991605,0.0201679410762154,5031
2023-11-14,0.023664641097184757,-0.03886422545299007,5033
2023-11-15,0.006604172481475751,-0.11707767320778689,5034
2023-11-16,-0.04571837598707279,-0.13596822903928396,5034
2023-11-17,-0.09085203855888974,-0.18896722736228116,5036
2023-11-20,-0.11456111565064765,-0.14562816948879012,5039
2023-11-21,-0.1070435481119212,-0.0844256160256967,5042
2023-11-22,-0.09989022144852633,-0.044713843344732836,5043
2023-11-23,-0.07431846399769873,-0.05418019267725248,5044
2023-11-24,-0.011729604337931103,0.006678652406147673,5045
2023-11-27,0.053871776448774014,0.03679303830611223,5048
2023-11-28,0.06826207346936886,0.02398522396989061,5047
2023-11-29,0.06911255823744229,0.04630448576623763,5049
2023-11-30,0.0512290377929211,0.033296716403454094,5048
2023-12-01,0.004534904998787753,0.025962391584995075,5049
2023-12-04,-0.014382365334599993,0.012419382611633372,5048
2023-12-05,-0.04517092189712904,-0.024163576320200122,5049
2023-12-06,-0.031488752820147396,-0.03901653119861915,5050
2023-12-07,-0.039364128263779545,-0.04325676155565816,5048
2023-12-08,0.05221275293321039,0.023315004997136013,5051
2023-12-11,0.04782963818123579,0.06903614417138737,5053
2023-12-12,-0.03667067972130227,0.018670264839661013,5051
2023-12-13,-0.0668514008811019,-0.010383000623569798,5051
2023-12-14,-0.07473296309912021,-0.034150428811988036,5052
2023-12-15,-0.17885841917081602,-0.07335773671762978,5052
2023-12-18,-0.18781912846018256,-0.1320070907662465,5051
2023-12-19,-0.12051224272917234,-0.027816432908644582,5048
2023-12-20,-0.1435420210109593,-0.059008084376460865,5052
2023-12-21,-0.1598513055957792,-0.10134168006413373,5052
2023-12-22,-0.07602290574616097,-0.13096256876588155,5051
2023-12-25,0.036714254674528164,0.017932241025644887,5053
2023-12-26,0.013921873485191475,0.046239840309667664,5055
2023-12-27,0.05702907224647928,0.10308103736694776,5056
2023-12-28,0.019921167920369964,0.09417902380032896,5055
2023-12-29,0.050809754750350135,0.13440569232748556,5057
2024-01-02,0.036562128599898554,0.13841215031940599,5058
2024-01-03,-0.004884713698902221,0.1310738481439696,5059
2024-01-04,-0.01034880337734692,0.08873522286930242,5059
2024-01-05,0.043802789709389375,0.1455955197387667,5059
2024-01-08,0.0067515285689954165,0.10143225950984423,5058
2024-01-09,0.018238872920149123,0.10238276827008436,5060
2024-01-10,0.01244212173924674,0.05540931991163259,5061
2024-01-11,0.039527951962966094,0.09119824773846365,5060
2024-01-12,-0.021954465818926752,0.012049228991258544,5057
2024-01-15,-0.02553066144278889,0.01409095611993622,5059
2024-01-16,-0.06390166481058174,-0.013688754687014304,5061
2024-01-17,-0.046548945243135284,-0.0013887817602842609,5061
2024-01-18,-0.11189717135786803,-0.04038010102135949,5062
2024-01-19,-0.07646456606442317,-0.026550045351287938,5062
2024-01-22,-0.1396304326175144,-0.03988309577866757,5064
2024-01-23,-0.11943675326855505,-0.0001242570000746767,5065
2024-01-24,-0.1016522842044075,0.04957373330888152,5065
2024-01-25,-0.04633328363954763,0.07427655626370358,5066
2024-01-26,0.0006645877656562675,0.0983454955610492,5067
2024-01-29,0.0722763306866449,0.15408098398610176,5068
2024-01-30,0.07814451705599694,0.15787463427151,5068
2024-01-31,0.060672993692399126,0.1342211943951422,5069
2024-02-01,0.039577788219364064,0.11674502136754114,5070
2024-02-02,-0.026861518050510808,0.027055195141192753,5069
2024-02-05,-0.11506526807407584,-0.10805013898263865,5069
2024-02-06,-0.158734993756977,-0.1641362550109503,5070
2024-02-07,-0.15936828552446064,-0.17600026973349814,5070
2024-02-08,-0.14845042857262888,-0.1785793486687231,5071
2024-02-19,-0.08840245861505112,-0.11128207967787968,5072
2024-02-20,-0.054377183686526595,-0.07059555840804681,5072
2024-02-21,-0.057278738960479025,-0.057323988778381706,5071
2024-02-22,-0.039396703274307124,-0.04033814010059628,5071
2024-02-23,-0.07106255635054319,-0.07393377050435918,5069
2024-02-26,-0.1157855774438715,-0.12809823179151994,5068
2024-02-27,-0.14122007931817562,-0.13049305199077788,5069
2024-02-28,0.00766906344847987,0.008012796983042407,5069
2024-02-29,-0.02793205830870086,-0.05175647986285959,5070
2024-03-01,0.008360764894979016,-0.03115976504770177,5070
2024-03-04,-0.015938442705607698,-0.053631126910516205,5071
2024-03-05,-0.0006731604206049554,-0.032155331413019676,5071
2024-03-06,-0.03469842619548304,-0.05273309605768141,5071
2024-03-07,-0.05650761603673919,-0.06492227457998453,5072
2024-03-08,-0.09104056459600729,-0.13177110135105588,5073
2024-03-11,-0.02416734693432128,-0.06615921931434757,5073
2024-03-12,0.022610759053337447,-0.007066907669296858,5075
2024-03-13,0.02949543302318666,-0.05240283822708458,5076
2024-03-14,0.08008730941160705,-0.015331265246502844,5077
2024-03-15,0.05669855945907627,-0.047264161590165964,5076
2024-03-18,-0.07031001316394023,-0.1498671197502865,5076
2024-03-19,-0.0949836823048725,-0.14994820940075343,5079
2024-03-20,-0.16102167768270415,-0.1902633552523498,5078
2024-03-21,-0.09285738268466745,-0.13108453697653888,5079
2024-03-22,-0.11697301551101302,-0.16066990242196671,5080
2024-03-25,-0.07338255002607534,-0.12459146038856703,5081
2024-03-26,-0.11177587798239869,-0.19048187732057162,5082
2024-03-27,-0.09047273437581499,-0.16243081512668708,5085
2024-03-28,-0.19358452993822942,-0.26342902459044826,5085
2024-03-29,-0.22060471900834738,-0.2699637634085903,5085
2024-04-01,-0.17356330719248694,-0.2365045593771685,5088
2024-04-02,-0.1691204302652694,-0.17874016698815962,5087
2024-04-03,-0.11680369140278364,-0.11641381506068142,5086
2024-04-08,-0.11483584373798497,-0.07040787435706396,5087
2024-04-09,-0.07627787644512535,-0.021113522514220228,5088
2024-04-10,-0.10203625363461576,-0.043050529397197876,5088
2024-04-11,-0.020293727982103656,0.01991140738226265,5087
2024-04-12,0.052247035189622544,0.07250201203175155,5087
2024-04-15,0.004727181287777627,0.01698725381105906,5088
2024-04-16,-0.08390076354013623,-0.15207599597560967,5088
2024-04-17,-0.0907394862174554,-0.14916273377423903,5087
2024-04-18,-0.10138485289354722,-0.1251358621042545,5088
2024-04-19,-0.25110582645574,-0.3043448901633182,5086
2024-04-22,-0.2181828427307126,-0.2990098407569272,5085
2024-04-23,-0.14437223235164115,-0.23279889895915762,5086
2024-04-24,-0.05533846303744202,-0.10843654688177662,5086
2024-04-25,-0.04755469417257362,-0.11640600713116699,5084
2024-04-26,0.028724672610985397,0.014931400177632594,5077
2024-04-29,0.10909513196277296,0.14496578021962836,5068
2024-04-30,0.1566348155872055,0.21733239240409818,5032
2024-05-06,0.18247215265820083,0.27255378066817476,5072
2024-05-07,0.10323594844242329,0.18940274824132608,5073
2024-05-08,0.06414237518461614,0.1356001804410443,5071
2024-05-09,0.037726966654160636,0.03939859197868569,5073
2024-05-10,0.0037089107158056428,-0.09830903494236169,5074
2024-05-13,-0.039753538506593515,-0.18155561261138792,5072
2024-05-14,0.012264792303823557,-0.08098571523017473,5075
2024-05-15,-0.04725484432834077,-0.1581085182331669,5077
2024-05-16,-0.02458424330742761,-0.035251795827876055,5079
2024-05-17,0.017280200494104375,0.08674177404849655,5079
2024-05-20,-0.010780718097044534,0.0353589054536487,5075
2024-05-21,-0.0016091895268777925,0.002041999241852036,5078
2024-05-22,-0.013680828771746294,0.03203863216780963,5078
2024-05-23,-0.13020166444922981,-0.06785294940546911,5078
2024-05-24,-0.2307284916943339,-0.2713302074197,5078
2024-05-27,-0.1865899937846125,-0.1785117230263148,5076
2024-05-28,-0.11050126924160994,-0.04468069852875834,5077
2024-05-29,-0.11807547844724556,-0.05290816831922081,5077
2024-05-30,0.011417742521851558,0.08931623568327421,5076
2024-05-31,0.02024720608242622,0.1115139928169196,5076
2024-06-03,0.04942320225123598,0.1142430720235999,5074
2024-06-04,0.01348255119937074,-0.03267423420546682,5071
2024-06-05,0.0733848114965665,0.02240216426995741,5075
2024-06-06,0.04915219372278894,-0.021923521208662772,5077
2024-06-07,0.15291328573289034,0.0454067400481737,5070
2024-06-11,0.08619367500233885,-0.012872940080001656,5070
2024-06-12,0.07064341016733536,0.0058252769128503655,5075
2024-06-13,0.031005246291638217,-0.0008661937848770863,5071
2024-06-14,0.020073683139845894,0.02578301031259278,5071
2024-06-17,-0.033685023836652,-0.010384302759002189,5069
2024-06-18,-0.1046215876739805,-0.08300620108494752,5068
2024-06-19,-0.09805802766685028,-0.07145392437487283,5069
2024-06-20,-0.17119765215161878,-0.17946382643934056,5068
2024-06-21,-0.09628207363269815,-0.14123257550249887,5067
2024-06-24,-0.21041803870509054,-0.2757930026724454,5068
2024-06-25,-0.1476887113846768,-0.18662674261540926,5063
2024-06-26,-0.17362670458038737,-0.21486794010913618,5068
2024-06-27,-0.1534256939404067,-0.20034288615293586,5069
2024-06-28,-0.18584111853418342,-0.21170889979566407,5071
2024-07-01,-0.12026894417047128,-0.11007167160004634,5070
2024-07-02,-0.038268260841551445,0.007091755571919216,5072
2024-07-03,0.032773871659476546,0.07826718477768184,5071
2024-07-04,0.01918157946370237,0.04635595227984188,5071
2024-07-05,0.009471236844065548,0.028392059287790435,5070
2024-07-08,-0.02905905995702723,-0.005840088687669908,5067
2024-07-09,-0.034338607720525945,-0.005790000921225963,5073
2024-07-10,-0.12126424700186832,-0.07037803343065892,5074
2024-07-11,-0.1071070332376159,-0.0372331373143249,5074
2024-07-12,-0.07144455476313474,-0.002836673080931974,5073
2024-07-15,-0.03748964708840802,-0.005709561990778396,5073
2024-07-16,-0.05396650546769301,-0.07373151069865852,5073
2024-07-17,-0.05591752785306264,-0.12952922734781536,5071
2024-07-18,-0.07101986174970666,-0.15860559865658527,5071
2024-07-19,-0.09097683542409941,-0.21242554029037436,5070
2024-07-22,-0.04839498871720842,-0.20445790393900756,5070
2024-07-23,-0.07931968821351285,-0.20687487397052934,5070
2024-07-24,-0.056153094740411524,-0.14943288209970265,5070
2024-07-25,-0.04676890388742754,-0.09957484288794234,5069
2024-07-26,-0.048345881709974045,-0.13785838487620786,5070
2024-07-29,-0.1301932355401282,-0.17578701760849713,5069
2024-07-30,-0.132526279132421,-0.14861245138393225,5070
2024-07-31,-0.10728221493410929,-0.15914767250851114,5069
2024-08-01,-0.18222043194495977,-0.1766107462941197,5067
2024-08-02,-0.20305816436541288,-0.18800429608640504,5069
2024-08-05,-0.17798076755069203,-0.18529636347683381,5069
2024-08-06,-0.20215254739014873,-0.2251219229660999,5070
2024-08-07,-0.136313853091806,-0.18857990534799676,5071
2024-08-08,-0.0728764504867015,-0.16570971341568344,5072
2024-08-09,-0.028255806942981666,-0.09322887153153246,5071
2024-08-12,-0.061814092305469304,-0.116230083358546,5071
2024-08-13,-0.024581874004001705,-0.05142813991960627,5071
2024-08-14,-0.08919164834704287,-0.11141176232276206,5071
2024-08-15,-0.12334432379892443,-0.11533488792946396,5072
2024-08-16,-0.1499274754862658,-0.10753288552992603,5072
2024-08-19,-0.12691609877327792,-0.13166742805974158,5071
2024-08-20,-0.10954232635775263,-0.08613750805918167,5072
2024-08-21,-0.08938662495188597,-0.046173381784660954,5072
2024-08-22,-0.0720042080378361,-0.06778196098953808,5071
2024-08-23,-0.038313718305642716,-0.04313075363171821,5070
2024-08-26,-0.003700859681268789,-0.015176516201515465,5071
2024-08-27,0.015533454592181542,-0.01914639797812912,5070
2024-08-28,0.014470647779061341,-0.012677619697112655,5070
2024-08-29,0.01746221219822293,-0.02273872096451176,5069
2024-08-30,-0.044104471109661945,-0.01740675379211601,5070
2024-09-02,-0.09060913082141929,-0.06195406465612067,5068
2024-09-03,-0.1301737046184178,-0.11760371830081698,5068
2024-09-04,-0.11472428197718261,-0.11367433804464984,5067
2024-09-05,-0.06411083834798702,-0.04983603679817104,5067
2024-09-06,-0.06500531257632923,-0.06530038360723721,5067
2024-09-09,-0.09350886974768091,-0.03690774715247826,5065
2024-09-10,-0.04408169853310406,0.02034943878946946,5065
2024-09-11,-0.014700988243952428,0.012392707694391337,5069
2024-09-12,-0.008685359816486136,0.0033795261976643748,5069
2024-09-13,-0.014269478756309423,0.022105884860231385,5069
2024-09-18,0.0391279624802493,0.04350461521679152,5065
2024-09-19,0.02232616261335175,0.05235867524349067,5072
2024-09-20,-0.0009166185558610933,0.008079174611038301,5071
2024-09-23,-0.03125294690984582,-0.05624838868164141,5072
2024-09-24,-0.04800801758230593,-0.11007066794450411,5073
2024-09-25,-0.01965781643863088,-0.09324919681762031,5075
2024-09-26,-0.0955847429103034,-0.17833839631910406,5075
2024-09-27,-0.04935048966148787,-0.1512269368852629,5075
2024-09-30,-0.0514362062371752,-0.1548148853468303,5072
2024-10-08,-0.011655994919226777,-0.020870055124989764,5068
2024-10-09,-0.06493910712233544,-0.08516897546098386,5068
2024-10-10,-0.05826619506758037,-0.11277681242391831,5071
2024-10-11,-0.11007076414992858,-0.16517387830458677,5070
2024-10-14,-0.11644699204620096,-0.15576398098842992,5071
2024-10-15,-0.12916581960399226,-0.16537869934651633,5072
2024-10-16,-0.11603130140485392,-0.12488439799982456,5074
2024-10-17,-0.09721101853028433,-0.105617668600061,5076
2024-10-18,-0.11666838328603969,-0.12485163018276123,5075
2024-10-21,-0.13782533877646122,-0.13851671950528407,5075
2024-10-22,-0.047605038536851614,-0.08180464964881003,5076
2024-10-23,-0.013590303733719439,-0.07876898740625728,5073
2024-10-24,0.06797737529218817,0.019796034359275377,5073
2024-10-25,-0.01718838778558495,-0.07655569425589383,5072
2024-10-28,-0.058632410414558786,-0.0852179657971888,5069
2024-10-29,-0.012428724220080309,-0.004923168830524304,5069
2024-10-30,-0.029372610858655838,-0.03474793424713721,5067
2024-10-31,-0.14245794868523412,-0.17251402278425929,5069
2024-11-01,-0.03449610167037585,-0.03878609821017433,5070
2024-11-04,0.0061001666316291185,0.012323436184979272,5071
2024-11-05,-0.09864315641564696,-0.12903175659818877,5074
2024-11-06,-0.15663446080848806,-0.19638761417628353,5076
2024-11-07,-0.13648297932569275,-0.18769426639713274,5074
2024-11-08,-0.21654695953830858,-0.27486453349789647,5076
2024-11-11,-0.17378133233741325,-0.19855729402737385,5071
2024-11-12,-0.11881624502317095,-0.1480609828501596,5072
2024-11-13,-0.020614531434506294,-0.06311510228077341,5072
2024-11-14,0.030548245319885634,-0.011074687508294321,5074
2024-11-15,0.07707347109404579,0.04594002617483407,5075
2024-11-18,0.03955835837478716,-0.020511219034786102,5073
2024-11-19,0.009317629411882154,-0.04433140479264634,5075
2024-11-20,-0.06819768557113334,-0.09940327793709594,5078
2024-11-21,-0.06821537909192937,-0.09501327618085717,5079
2024-11-22,-0.1202257889207185,-0.1250990239916721,5080
2024-11-25,-0.13517107739348316,-0.15057479208729407,5079
2024-11-26,-0.028200660759759993,-0.08162982698967496,5081
2024-11-27,-0.028206717990642918,-0.07064679133242026,5080
2024-11-28,0.005504100606115972,-0.03438950200389947,5079
2024-11-29,-0.004543856116674744,-0.00912525385270038,5083
2024-12-02,-0.003430969942392633,0.013124208914821038,5081
2024-12-03,0.03452772257797048,0.013397570187948406,5081
2024-12-04,0.06459022150219448,0.03665100977793985,5082
2024-12-05,0.05069335210704062,-0.01113289925557235,5085
2024-12-06,0.14033026970391607,0.09398836352335342,5083
2024-12-09,0.10822669346771913,0.07590929571360999,5081
2024-12-10,-0.07285816556822029,-0.08951716226065355,5083
2024-12-11,-0.138044407043085,-0.17064177656151605,5083
2024-12-12,-0.16767239432613656,-0.17396455394709687,5084
2024-12-13,-0.21790066598410088,-0.21808511775596592,5083
2024-12-16,-0.2914262813298648,-0.2987525607542092,5087
2024-12-17,-0.19168801054073323,-0.2129648860440001,5084
2024-12-18,-0.20294184080790273,-0.21188580389290673,5085
2024-12-19,-0.12919380965897453,-0.1456675946210252,5085
2024-12-20,-0.12021620026497312,-0.12047027912264614,5088
2024-12-23,-0.07103071891640692,-0.07526534254648397,5086
2024-12-24,-0.02051695896757236,-0.024723943751443767,5085
2024-12-25,0.13237368592451262,0.1355327087191087,5084
2024-12-26,-0.03154275205083945,-0.025454302819416838,5087
2024-12-27,-0.09547739466871764,-0.09927363085712204,5085
2024-12-30,-0.008269613763365814,0.01787318092022656,5081
2024-12-31,0.060012240075054894,0.0418516995182643,5084
2025-01-02,-0.020704837872772993,-0.03387233538129236,5082
2025-01-03,-0.07815129003115528,-0.08979117519759057,5083
2025-01-06,-0.12530897291484638,-0.14558407591461736,5081
2025-01-07,-0.1509494012076031,-0.19402036711638795,5084
2025-01-08,-0.22643370984328837,-0.2450735858378944,5085
2025-01-09,-0.21246828634231696,-0.21512183083816708,5087
2025-01-10,-0.1586061058057088,-0.17675459549794734,5086
2025-01-13,0.025108398365884674,-0.04384364328661195,5086
2025-01-14,0.07044473338012196,0.07345601647108954,5089
2025-01-15,0.11633570712237395,0.12575375511920164,5088
2025-01-16,0.03382570094870723,0.063521860600411,5090
2025-01-17,0.03431524033242319,0.026166618482794446,5090
2025-01-20,-0.09113456661751151,-0.027251336697005524,5089
2025-01-21,-0.2219323820653353,-0.21874750323645484,5092
2025-01-22,-0.17393506388835747,-0.19489614104219355,5094
2025-01-23,-0.1215195268539877,-0.1834042083651053,5095
2025-01-24,-0.13347394845556626,-0.22991392779524247,5091
2025-01-27,-0.007842647287562409,-0.08004805898489034,5090
2025-02-05,0.0761873594920826,-0.0019015843547440087,5092
2025-02-06,0.018965657486919973,-0.0995167166867825,5093
2025-02-07,0.02944736697434165,-0.07724469662887723,5096
2025-02-10,0.10965608152023396,0.01247964017549183,5098
2025-02-11,0.10241566408244861,0.02440880150943484,5097
2025-02-12,0.1665312484458321,0.08864485686832033,5097
2025-02-13,0.18194534352919758,0.14018940390069642,5098
2025-02-14,0.18689828914303727,0.1714017536572129,5096
2025-02-17,0.10945469894505215,0.11230498189844654,5100
2025-02-18,0.12148620055520976,0.12810214384518345,5099
2025-02-19,0.02705605415398663,0.031204250455565838,5099
2025-02-20,-0.027911525993289107,-0.0376610429562874,5099
2025-02-21,-0.257251673571149,-0.3002772184343141,5101
2025-02-24,-0.19454402938064042,-0.23491197263037195,5099
2025-02-25,-0.1638904198934385,-0.20505392639426429,5097
2025-02-26,-0.1055661529026538,-0.13903321837814492,5099
2025-02-27,0.05778918328305932,0.03412102569316206,5097
2025-02-28,0.14820592983155464,0.16603867344668422,5098
2025-03-03,0.12712079324805603,0.12124769180180833,5096
2025-03-04,0.08244488293659266,0.03878636815863258,5096
2025-03-05,-0.0014493346404124282,-0.07325578997858098,5095
2025-03-06,-0.1095974706198604,-0.1684510382427552,5094
2025-03-07,-0.15145055191093784,-0.23840900407810345,5096
2025-03-10,-0.12616252547316886,-0.23792328620827985,5095
2025-03-11,-0.08973225712334634,-0.199003054718924,5096
2025-03-12,-0.055579045444006915,-0.11881122428992474,5095
2025-03-13,-0.03990721504022107,-0.11879664747827987,5098
2025-03-14,-0.010248561508687897,-0.05010736059346385,5099
2025-03-17,-0.013539286754181546,-0.018510695731174698,5094
2025-03-18,-0.013208639110751385,0.023759128940860345,5098
2025-03-19,-0.013031450813029907,0.01658339972461201,5094
2025-03-20,-0.08154086192025654,-0.016334725373766373,5095
2025-03-21,-0.1059928729896298,-0.04377785827692592,5095
2025-03-24,-0.12689751999043217,-0.06815887934688487,5095
2025-03-25,-0.1266673606658429,-0.10523294525567232,5097
2025-03-26,-0.1645236289074722,-0.14356828589556647,5099
2025-03-27,-0.03126123767761213,0.010392460800253526,5098
2025-03-28,0.05959321000036342,0.10424021867192848,5097
2025-03-31,0.09457043479408737,0.13545907467768784,5097
2025-04-01,0.04876288540489696,0.08415317334155575,5099
2025-04-02,0.07308585422920803,0.11491577626883383,5100
2025-04-03,0.03764739674437966,0.06580653190151309,5100
2025-04-07,-0.05771994522762659,-0.08255481348614499,5100
2025-04-08,-0.2047417259763353,-0.2826732184448991,5100
2025-04-09,-0.13647127111863255,-0.1684124794613139,5102
2025-04-10,-0.09157278361406683,-0.0698098882394019,5101
2025-04-11,-0.07919337865291137,-0.008463854652863145,5100
2025-04-14,-0.13317949378446817,-0.09929897605103856,5101
2025-04-15,-0.011218629413745794,0.02631913826335193,5099
2025-04-16,-0.1802575583047959,-0.2393559338989053,5102
2025-04-17,-0.12874155741667911,-0.13863705795874415,5103
2025-04-18,-0.07560745735926713,-0.10564817008788042,5102
2025-04-21,-0.09573918133424769,-0.06518594022992033,5102
2025-04-22,-0.2199104508379046,-0.23709169538174196,5100
2025-04-23,-0.19962403988496055,-0.2139358895682478,5102
2025-04-24,-0.26776444092718205,-0.3659544418293109,5103
2025-04-25,-0.19915710725574054,-0.3006730004626759,5102
2025-04-28,-0.19624544102567607,-0.30733818326075185,5096
2025-04-29,-0.12198269281253123,-0.22875337844021149,5072
2025-04-30,-0.04508542110947804,-0.16378899755873583,5073
2025-05-06,0.050580033203627695,-0.0015396636529515196,5097
2025-05-07,0.058342373958840704,-0.03731551213192912,5099
2025-05-08,0.1750628530184475,0.19038100824518467,5100
2025-05-09,0.1650220860742357,0.10003053459582929,5100
2025-05-12,0.16908311715708682,0.16611126308927748,5100
2025-05-13,0.07956791278052523,0.0638258687671465,5101
2025-05-14,0.02382210140355181,0.043717780210343234,5101
2025-05-15,-0.011294037671490143,-0.01860657021999612,5100
2025-05-16,-0.03967365518525778,-0.0009233200572891354,5099
2025-05-19,-0.05931488208650437,-0.04900841589432223,5094
2025-05-20,0.042335441974663435,0.07262291914113156,5100
2025-05-21,0.03370565435574527,0.05359285522668948,5096
2025-05-22,0.002051335168825749,-0.029085245752294132,5093
2025-05-23,-0.021557160800225413,-0.0034069170431868796,5095
2025-05-26,0.018876102858743755,0.06548401423894276,5093
2025-05-27,-0.04180994131604366,-0.012064532228468641,5093
2025-05-28,-0.1120591634499706,-0.16047039258705983,5091
2025-05-29,-0.10494459113338131,-0.12209522447437604,5094
2025-05-30,-0.004898126330301199,-0.06648349698642299,5094
2025-06-03,-0.023876941918467155,-0.10534376978921915,5090
2025-06-04,-0.035641856167963955,-0.13171377326606495,5096
2025-06-05,0.06519118415420883,0.03852802947398174,5096
2025-06-06,0.0558708930325477,0.036691325086795006,5099
2025-06-09,0.014018662334701606,-0.003424917649885352,5097
2025-06-10,-0.05125465276457932,-0.0661600534950208,5103
2025-06-11,-0.055916379056931316,-0.08761291182234798,5105
2025-06-12,-0.13061749793094113,-0.16958780529596487,5104
2025-06-13,-0.10341052389348916,-0.14483579827630214,5103
2025-06-16,-0.0881621936591822,-0.10784665838450906,5107
2025-06-17,-0.09666666060051533,-0.14683463870034758,5111
2025-06-18,-0.08529206010240123,-0.1386090063246369,5112
2025-06-19,-0.046289216403325305,-0.09617827310426554,5112
2025-06-20,-0.03324814247701909,-0.07464079427484566,5112
2025-06-23,-0.054409922262271274,-0.08188581224352943,5107
2025-06-24,-0.00556268271155424,-0.057784377161123626,5111
2025-06-25,-0.04512290572318707,-0.08947426833033861,5114
2025-06-26,-0.07652045290735118,-0.11947681718453813,5116
2025-06-27,-0.060641995875726405,-0.13544097887754,5112
2025-06-30,-0.12687657191642904,-0.21011855329081233,5112
2025-07-01,-0.03679059965786064,-0.11395214780687146,5112
2025-07-02,0.009613053491829244,-0.07110596929757053,5110
2025-07-03,-0.05024986054386093,-0.10439536055669342,5110
2025-07-04,-0.02738339637190566,-0.0788127665744407,5113
2025-07-07,-0.05575812907093268,-0.08078633682193605,5113
2025-07-08,-0.12060692536654594,-0.11569162456437307,5112
2025-07-09,-0.1704594739680691,-0.1912122801875628,5116
2025-07-10,-0.11519769657564696,-0.1273790034053028,5115
2025-07-11,-0.09450568045518634,-0.11147636702028828,5120
2025-07-14,-0.060755778281377924,-0.061172114549755394,5118
2025-07-15,-0.00810978297283383,-0.004161019318788789,5120
2025-07-16,0.010607725007832896,0.055707163683276203,5119
2025-07-17,0.0014911381810867293,0.04614656397228077,5120
2025-07-18,-0.022498012556826,0.012485972917137324,5119
2025-07-21,0.0008415594927857093,0.015637155782450566,5119
2025-07-22,0.01043352466894632,0.0009705527682652634,5119
2025-07-23,-0.009589996174458335,-0.049696773556506764,5122
2025-07-24,-0.04682218117305671,-0.11307888691186103,5121
2025-07-25,-0.0028307724814786287,-0.060056011889796514,5123
2025-07-28,0.011143159133743384,-0.049278370397451025,5124
2025-07-29,-0.09097415684203698,-0.16701708078731256,5127
2025-07-30,-0.11155315012651114,-0.16670649875779425,5125
2025-07-31,-0.11582265940849082,-0.1853135541919191,5120
2025-08-01,-0.0600822189859189,-0.12641469418261955,5121
2025-08-04,-0.030617233925874413,-0.1014459828360472,5118
2025-08-05,-0.017399259890692863,-0.07264532699318381,5119
2025-08-06,0.04071352138980854,-0.007234915156182547,5120
2025-08-07,-0.011697576937293673,-0.041233845375811005,5120
2025-08-08,0.034395120176848155,0.016709455473451415,5122
2025-08-11,0.06834923312505557,0.02572196213196081,5125
2025-08-12,0.06886433792776567,0.0031389313224099544,5127
2025-08-13,-0.006686325713314465,-0.07373954513097733,5124
2025-08-14,-0.043679799103305834,-0.09265127140911891,5125
2025-08-15,-0.07138277628937674,-0.0920332839738683,5124
2025-08-18,-0.09494682725727213,-0.11078658472356756,5122
2025-08-19,-0.0768330045669267,-0.07642733658797432,5125
2025-08-20,-0.011215354958182492,-0.010438459293658938,5122
2025-08-21,0.15669829751856315,0.20673249716682987,5126
2025-08-22,0.0844100405928361,0.1280886180349569,5126
2025-08-25,0.06319732378061575,0.09259350028470466,5126
2025-08-26,0.014771235272287006,0.03461375503094921,5127
2025-08-27,-0.02246244148519673,-0.021566541720334835,5130
2025-08-28,-0.19244219111101707,-0.21468639523565297,5130
2025-08-29,-0.11901788828554105,-0.14977774057861057,5127
2025-09-01,-0.11395324514100616,-0.12248003868787484,5127
2025-09-02,-0.07630757143715002,-0.08733664310977297,5129
2025-09-03,-0.08021729702428267,-0.12751150608887687,5132
2025-09-04,0.10529070542250597,0.1092386654792846,5131
2025-09-05,0.06436182103522599,0.04411897350296779,5131
2025-09-08,0.08943730543166696,0.04582664927769892,5132
2025-09-09,0.05826804264604275,0.0017667653351424281,5133
2025-09-10,0.062207524188092354,0.024281748360801273,5134
2025-09-11,0.07993745059399475,0.026142358068870077,5134
2025-09-12,0.06420470580638131,0.05309317465521492,5137
2025-09-15,0.03810935586633748,0.02952335865209335,5135
2025-09-16,0.03989077883290691,0.05910960742432072,5136
2025-09-17,0.04171733945891652,0.04634623463136418,5135
2025-09-18,0.022435925066565193,0.05099282718561022,5134
2025-09-19,0.03353891761608148,0.015042047753326269,5135
2025-09-22,0.06120799918768803,0.013711425858433365,5131
2025-09-23,0.005725104483950683,-0.04818338228999891,5135
2025-09-24,0.009494960730851338,-0.044594888636734026,5133
2025-09-25,-0.051558106815939406,-0.12095661248294634,5134
2025-09-26,-0.025144658130777205,-0.09703640215686903,5130
2025-09-29,-0.10908337902626329,-0.17147648733502857,5125
2025-09-30,-0.11321912400264467,-0.1792009319850722,5125
2025-10-09,-0.13625766575881623,-0.19637811987453196,5124
2025-10-10,-0.13584570205646934,-0.1870069365361007,5126
2025-10-13,-0.1616779598856601,-0.20844120355873808,5122
2025-10-14,-0.10320745889813074,-0.16199690615490905,5121
2025-10-15,-0.11270383319169625,-0.19575644561925118,5122
2025-10-16,-0.12882776762399467,-0.19604317677356894,5123
2025-10-17,-0.0868951573484371,-0.13021995353468074,5119
