week_end_date,limit_up_ratio,limit_down_ratio,net_limit_ratio,total_signal_count,base_position,weighted_position,trend_position,benchmark_value_weight_ret,base_model_ret,trend_model_ret,weighted_model_ret
2018-01-05,0.011090847843696091,0.0007922375123909111,0.010298610331305181,3,1.0,0.0,1.0,0.026047780788604813,0.01018607242560754,0.01018607242560754,0.0
2018-01-12,0.012259672055102032,0.0003453403080644293,0.011914331747037602,4,1.0,0.8,1.0,0.01018607242560754,0.008183604795857002,0.008183604795857002,0.006546883836685603
2018-01-19,0.011727939919453319,0.004025137720101858,0.007702802199351461,3,1.0,0.0,1.0,0.008183604795857002,0.020894346903628458,0.020894346903628458,0.0
2018-01-26,0.009934559113636676,0.0032159651541702854,0.00671859395946639,2,0.75,0.0,1.0,0.020894346903628458,-0.028732217870867993,-0.03830962382782399,-0.0
2018-02-02,0.007172532529650074,0.027364193618100108,-0.02019166108845003,1,0.5,0.0,1.0,-0.03830962382782399,-0.04195481841334309,-0.08390963682668617,-0.0
2018-02-09,0.009050471016717205,0.04044489759888757,-0.031394426582170364,1,0.5,0.0,1.0,-0.08390963682668617,0.014524587763591335,0.02904917552718267,0.0
2018-02-14,0.013833237931692425,0.004388475481778287,0.009444762449914138,2,0.75,0.0,1.0,0.02904917552718267,0.005490847270414656,0.007321129693886208,0.0
2018-03-02,0.01538156162022743,0.0016586139353609748,0.013722947684866454,2,0.75,0.0,1.0,0.007321129693886208,0.0193392249398599,0.025785633253146534,0.0
2018-03-09,0.015995429877177947,0.00045701228220508425,0.015538417594972865,3,1.0,0.0,1.0,0.025785633253146534,-0.009948746323573676,-0.009948746323573676,-0.0
2018-03-16,0.010397029420165666,0.000856898029134533,0.009540131391031135,1,0.5,0.0,1.0,-0.009948746323573676,-0.019888884895974956,-0.03977776979194991,-0.0
2018-03-23,0.013481291385948146,0.027870049692908173,-0.014388758306960025,1,0.5,0.0,1.0,-0.03977776979194991,0.013055270177449452,0.026110540354898903,0.0
2018-03-30,0.019977529479624865,0.0014841160562856098,0.01849341342333925,3,1.0,0.0,1.0,0.026110540354898903,-0.010472096364259609,-0.010472096364259609,-0.0
2018-04-04,0.01730071489867357,0.0012357053204052873,0.01606500957826829,2,0.75,0.0,1.0,-0.010472096364259609,0.006087521632546333,0.008116695510061778,0.0
2018-04-13,0.015108324526175231,0.003990553107646894,0.011117771418528339,2,0.75,0.0,1.0,0.008116695510061778,-0.019482228444338612,-0.025976304592451482,-0.0
2018-04-20,0.009172702468143983,0.004785302820863484,0.004387399647280501,1,0.5,0.0,1.0,-0.025976304592451482,0.0021807175081661745,0.004361435016332349,0.0
2018-04-27,0.012982466646068636,0.005522086952143802,0.007460379693924833,2,0.75,0.0,1.0,0.004361435016332349,0.004620408221220618,0.0061605442949608236,0.0
2018-05-04,0.011284969179706021,0.0057847321005215745,0.005500237079184449,2,0.75,0.0,1.0,0.0061605442949608236,0.01828396210028921,0.024378616133718944,0.0
2018-05-11,0.015240150228704116,0.0015353349958258582,0.013704815232878259,2,0.75,0.0,1.0,0.024378616133718944,0.00690904157486022,0.00921205543314696,0.0
2018-05-18,0.01040065039896015,0.0023870419476347848,0.008013608451325366,3,1.0,0.0,1.0,0.00921205543314696,-0.010460606448672416,-0.010460606448672416,-0.0
2018-05-25,0.012327044622168683,0.0014769177603098271,0.010850126861858853,3,1.0,0.0,1.0,-0.010460606448672416,-0.023634390082746037,-0.023634390082746037,-0.0
2018-06-01,0.011240420096508658,0.015384615384615385,-0.004144195288106726,0,0.0,0.0,0.0,-0.023634390082746037,0.0,0.0,0.0
2018-06-08,0.009196320724230555,0.004087312723297493,0.00510900800093306,3,1.0,0.0,1.0,0.00659001684158711,-0.016708450811819375,-0.016708450811819375,-0.0
2018-06-15,0.009298772280382627,0.0092978077384674,9.645419152277957e-7,1,0.5,0.0,1.0,-0.016708450811819375,-0.021747019315464244,-0.04349403863092849,-0.0
2018-06-22,0.010129485756955681,0.09133654674404992,-0.08120706098709425,2,0.75,0.0,1.0,-0.04349403863092849,-0.0017457295755411717,-0.0023276394340548956,-0.0
2018-06-29,0.016366429934766426,0.005606674806831452,0.010759755127934974,3,1.0,0.0,1.0,-0.0023276394340548956,-0.035333356471136224,-0.035333356471136224,-0.0
2018-07-06,0.012171712816771428,0.009454106709141666,0.0027176061076297615,1,0.5,0.0,1.0,-0.035333356471136224,0.0210643927446168,0.0421287854892336,0.0
2018-07-13,0.01663071930981075,0.004186080372743157,0.012444638937067591,3,1.0,0.0,1.0,0.0421287854892336,0.0004424064734194211,0.0004424064734194211,0.0
2018-07-20,0.013523268407364628,0.004583160232103734,0.008940108175260891,2,0.75,0.0,1.0,0.0004424064734194211,0.010152764820284599,0.013537019760379465,0.0
2018-07-27,0.017652050919377653,0.0024328147100424326,0.015219236209335222,3,1.0,0.0,1.0,0.013537019760379465,-0.05376210606465548,-0.05376210606465548,-0.0
2018-08-03,0.008766968325791855,0.005147058823529412,0.003619909502262443,1,0.5,0.0,1.0,-0.05376210606465548,0.011383469408023594,0.02276693881604719,0.0
2018-08-10,0.011760740411507006,0.007407327496306908,0.004353412915200098,2,0.75,0.0,1.0,0.02276693881604719,-0.033513348021588174,-0.04468446402878423,-0.0
2018-08-17,0.007687959299039005,0.003278688524590164,0.00440927077444884,1,0.5,0.0,1.0,-0.04468446402878423,0.010345575044572564,0.020691150089145127,0.0
2018-08-24,0.008309779536461278,0.0035613340870548336,0.004748445449406444,1,0.5,0.0,1.0,0.020691150089145127,-0.0007570436880792175,-0.001514087376158435,-0.0
2018-08-31,0.006778608491056604,0.0024851419767208593,0.004293466514335743,1,0.5,0.0,1.0,-0.001514087376158435,-0.003991612306776027,-0.007983224613552053,-0.0
2018-09-07,0.011289867344058705,0.0015241320914479255,0.009765735252610782,3,1.0,0.0,1.0,-0.007983224613552053,-0.010668955110171185,-0.010668955110171185,-0.0
2018-09-14,0.007504385727521355,0.00496537583535772,0.0025390098921636364,1,0.5,0.0,1.0,-0.010668955110171185,0.02076303359483167,0.04152606718966334,0.0
2018-09-21,0.01071088014627769,0.003101022015166695,0.007609858131110996,3,1.0,0.0,1.0,0.04152606718966334,0.005327586885088609,0.005327586885088609,0.0
2018-09-28,0.007248308056391595,0.0030962526422314927,0.004152055414160102,2,0.75,0.0,1.0,0.005327586885088609,-0.06189971367728614,-0.08253295156971485,-0.0
2018-10-12,0.008893892485223754,0.07199549676329861,-0.06310160427807486,1,0.5,0.0,1.0,-0.08253295156971485,-0.00924897028505306,-0.01849794057010612,-0.0
2018-10-19,0.011982853783076806,0.015808926050104276,-0.0038260722670274685,0,0.0,0.0,0.0,-0.01849794057010612,0.0,0.0,0.0
2018-10-26,0.022999232346178483,0.001742994489050001,0.021256237857128484,1,0.5,0.0,1.0,0.022944588523468035,0.019843637434964867,0.039687274869929734,0.0
2018-11-02,0.01759415401911186,0.0033726812816188877,0.014221472737492974,3,1.0,0.0,1.0,0.039687274869929734,-0.022691612604600286,-0.022691612604600286,-0.0
2018-11-09,0.017759250692070506,0.002641459917298425,0.01511779077477208,3,1.0,0.0,1.0,-0.022691612604600286,0.046371221377635496,0.046371221377635496,0.0
2018-11-16,0.02679292615055991,0.0010110466824968932,0.02578187946806302,3,1.0,0.0,1.0,0.046371221377635496,-0.03881100320646691,-0.03881100320646691,-0.0
2018-11-23,0.014317798989331837,0.006625491297024143,0.007692307692307693,1,0.5,0.0,1.0,-0.03881100320646691,0.0018562461182745071,0.0037124922365490143,0.0
2018-11-30,0.010046596067864916,0.002413460526281177,0.00763313554158374,2,0.75,0.0,1.0,0.0037124922365490143,0.007306788065391978,0.009742384087189304,0.0
2018-12-07,0.011664411149691013,0.003756705426338306,0.007907705723352707,1,0.5,0.0,1.0,0.009742384087189304,-0.004075722313043817,-0.008151444626087634,-0.0
2018-12-14,0.007064116006089705,0.0016819443553953088,0.005382171650694395,1,0.5,0.0,1.0,-0.008151444626087634,-0.014726842047276256,-0.029453684094552512,-0.0
2018-12-21,0.006109865470852018,0.0017376681614349777,0.00437219730941704,1,0.5,0.0,1.0,-0.029453684094552512,-0.0043785960127591395,-0.008757192025518279,-0.0
2018-12-28,0.008238842323093605,0.0020737554451825445,0.006165086877911061,2,0.75,0.0,1.0,-0.008757192025518279,0.016002773890541167,0.02133703185405489,0.0
2019-01-11,0.017867886720023877,0.000615995532005834,0.017251891188018044,2,0.75,0.0,1.0,0.02133703185405489,0.0109839960219838,0.014645328029311733,0.0
2019-01-18,0.010744486820761229,0.001846702430539901,0.008897784390221328,1,0.5,0.0,1.0,0.014645328029311733,0.0015876384846974512,0.0031752769693949023,0.0
2019-01-25,0.01117432455644367,0.0018434351265208405,0.009330889429922828,3,1.0,0.0,1.0,0.0031752769693949023,0.0036151220445657106,0.0036151220445657106,0.0
2019-02-01,0.00719898840535692,0.01601724509978535,-0.008818256694428428,1,0.5,0.0,1.0,0.0036151220445657106,0.020134724610385013,0.040269449220770026,0.0
2019-02-15,0.01868811066747253,0.0002789400278940028,0.018409170639578525,4,1.0,0.8,1.0,0.040269449220770026,0.055011840304060255,0.055011840304060255,0.04400947224324821
2019-02-22,0.026424389550109867,0.0,0.026424389550109867,3,1.0,0.0,1.0,0.055011840304060255,0.06866744489426924,0.06866744489426924,0.0
2019-03-01,0.03370863202873807,0.003231197771587744,0.030477434257150327,2,0.75,0.0,1.0,0.06866744489426924,0.007631895708871905,0.01017586094516254,0.0
2019-03-08,0.04706209969367864,0.014090782511835143,0.0329713171818435,2,0.75,0.0,1.0,0.01017586094516254,0.017714684196627695,0.023619578928836926,0.0
2019-03-15,0.03462943357870329,0.008628615959753796,0.02600081761894949,3,1.0,0.8,1.0,0.023619578928836926,0.03345384983188171,0.03345384983188171,0.02676307986550537
2019-03-22,0.024700927962810194,0.0002781950841601019,0.024422732878650093,3,1.0,0.0,1.0,0.03345384983188171,0.00001943310068486248,0.00001943310068486248,0.0
2019-03-29,0.020449541515341736,0.004834290724011059,0.015615250791330675,2,0.75,0.0,1.0,0.00001943310068486248,0.03985825221387351,0.053144336285164684,0.0
2019-04-04,0.03331817878339365,0.0008328899014879729,0.03248528888190568,3,1.0,0.0,1.0,0.053144336285164684,-0.016703524216138188,-0.016703524216138188,-0.0
2019-04-12,0.023874807886511994,0.003386606540326765,0.02048820134618523,1,0.5,0.0,1.0,-0.016703524216138188,0.013756335499908845,0.02751267099981769,0.0
2019-04-19,0.020964535801322966,0.0011093700529777356,0.019855165748345227,3,1.0,0.0,1.0,0.02751267099981769,-0.0557868514574984,-0.0557868514574984,-0.0
2019-04-26,0.013800649104156095,0.011970198224920684,0.0018304508792354097,0,0.0,0.0,0.0,-0.0557868514574984,-0.0,-0.0,-0.0
2019-05-10,0.01970962090959502,0.06524393465363655,-0.04553431374404153,1,0.5,0.0,1.0,-0.04020712828060469,-0.008563306680817728,-0.017126613361635457,-0.0
2019-05-17,0.01875251196911189,0.002598992358666964,0.016153519610444925,2,0.75,0.0,1.0,-0.017126613361635457,-0.009845813265692838,-0.013127751020923784,-0.0
2019-05-24,0.015136782254588085,0.008175257387754988,0.006961524866833097,1,0.5,0.0,1.0,-0.013127751020923784,0.011041267805354749,0.022082535610709497,0.0
2019-05-31,0.019104430205632978,0.001601264270711707,0.017503165934921273,3,1.0,0.0,1.0,0.022082535610709497,-0.02945277035719507,-0.02945277035719507,-0.0
2019-06-06,0.011247108856283043,0.010970409037428887,0.00027669981885415727,0,0.0,0.0,0.0,-0.02945277035719507,0.0,0.0,0.0
2019-06-14,0.019756824236888175,0.0027038745527898306,0.017052949684098345,1,0.5,0.0,1.0,0.025761341828700157,0.024097617838026997,0.048195235676053994,0.0
2019-06-21,0.021006015678917904,0.0009377333048505808,0.02006828237406732,4,1.0,0.8,1.0,0.048195235676053994,-0.004701244759037104,-0.004701244759037104,-0.0037609958072296838
2019-06-28,0.013774151450709255,0.003471029126015651,0.010303122324693601,1,0.5,0.0,1.0,-0.004701244759037104,0.010189019615773343,0.020378039231546685,0.0
2019-07-05,0.012994261247784628,0.001486632610756463,0.011507628637028167,1,0.5,0.0,1.0,0.020378039231546685,-0.01159754644461869,-0.02319509288923738,-0.0
2019-07-12,0.008589141449765279,0.002201915785075818,0.00638722566468946,1,0.5,0.0,1.0,-0.02319509288923738,0.0011467437186514218,0.0022934874373028435,0.0
2019-07-19,0.009300091827225524,0.0007704705445059233,0.0085296212827196,2,0.75,0.0,1.0,0.0022934874373028435,0.018798941565530358,0.025065255420707144,0.0
2019-07-26,0.013546287648978672,0.0030597214610612153,0.010486566187917457,2,0.75,0.0,1.0,0.025065255420707144,-0.014152968648976333,-0.018870624865301777,-0.0
2019-08-02,0.008183395571638708,0.0008183306299205321,0.007365064941718176,3,1.0,0.0,1.0,-0.018870624865301777,-0.029160274166575184,-0.029160274166575184,-0.0
2019-08-09,0.008774378419922083,0.0022890959277876923,0.006485282492134391,2,0.75,0.0,1.0,-0.029160274166575184,0.02042640926024758,0.027235212346996773,0.0
2019-08-16,0.010777272912431168,0.000653150100541033,0.010124122811890134,2,0.75,0.0,1.0,0.027235212346996773,0.022137335687520354,0.029516447583360472,0.0
2019-08-23,0.016271398221965612,0.0004897515045191091,0.015781646717446498,2,0.75,0.0,1.0,0.029516447583360472,0.0018330638563476276,0.0024440851417968368,0.0
2019-08-30,0.014350604519378519,0.0014128516130712961,0.012937752906307224,2,0.75,0.0,1.0,0.0024440851417968368,0.033976464830879016,0.04530195310783869,0.0
2019-09-06,0.016515052396189323,0.0002716062987700266,0.016243446097419297,3,1.0,0.0,1.0,0.04530195310783869,0.013361554704900636,0.013361554704900636,0.0
2019-09-12,0.016150922909880565,0.0003393051031487514,0.015811617806731813,2,0.75,0.0,1.0,0.013361554704900636,-0.0032558256141686226,-0.004341100818891497,-0.0
2019-09-20,0.011397572734328522,0.0005427261248567232,0.010854846609471797,1,0.5,0.0,1.0,-0.004341100818891497,-0.013536810321330028,-0.027073620642660057,-0.0
2019-09-27,0.010685004417568525,0.0075380640968401675,0.0031469403207283566,2,0.75,0.0,1.0,-0.027073620642660057,0.019270189412787964,0.025693585883717285,0.0
2019-10-11,0.012459371614301192,0.0018959913326110508,0.01056338028169014,2,0.75,0.0,1.0,0.025693585883717285,-0.007746905535255366,-0.010329207380340488,-0.0
2019-10-18,0.010992687111556406,0.003302902182108676,0.007689784929447728,1,0.5,0.0,1.0,-0.010329207380340488,0.004589117125916031,0.009178234251832063,0.0
2019-10-25,0.009793845936798167,0.002597637033086909,0.0071962089037112585,2,0.75,0.0,1.0,0.009178234251832063,0.004032674936700231,0.005376899915600308,0.0
2019-11-01,0.015556949889265226,0.005721678763853528,0.009835271125411698,2,0.75,0.0,1.0,0.005376899915600308,0.005333808091289749,0.007111744121719665,0.0
2019-11-08,0.00920341461481276,0.0012918145454729412,0.007911600069339818,3,1.0,0.0,1.0,0.007111744121719665,-0.02340486371764594,-0.02340486371764594,-0.0
2019-11-15,0.008917483373530781,0.0027928842760616855,0.006124599097469094,3,1.0,0.0,1.0,-0.02340486371764594,0.0024878860154791127,0.0024878860154791127,0.0
2019-11-22,0.010726105387375898,0.0011793805686226128,0.009546724818753283,3,1.0,0.0,1.0,0.0024878860154791127,-0.004265683353677052,-0.004265683353677052,-0.0
2019-11-29,0.007872418077953665,0.0033204913924578874,0.004551926685495777,2,0.75,0.0,1.0,-0.004265683353677052,0.016101668928506452,0.02146889190467527,0.0
2019-12-06,0.009890095040520967,0.0006416544798709525,0.009248440560650013,3,1.0,0.0,1.0,0.02146889190467527,0.019089099636800277,0.019089099636800277,0.0
2019-12-13,0.010513470043576337,0.001174002252245631,0.009339467791330706,3,1.0,0.0,1.0,0.019089099636800277,0.01999328148130397,0.01999328148130397,0.0
2019-12-20,0.01514484971016299,0.0003730917185228363,0.014771757991640152,3,1.0,0.0,1.0,0.01999328148130397,0.0019660023543899285,0.0019660023543899285,0.0
2019-12-27,0.011929128748106326,0.002077641861202117,0.00985148688690421,3,1.0,0.0,1.0,0.0019660023543899285,0.025939938656599493,0.025939938656599493,0.0
2019-12-31,0.01366716035004296,0.0030369852079802973,0.01063017514206266,3,1.0,0.0,1.0,0.025939938656599493,0.01307516104838613,0.01307516104838613,0.0
2020-01-10,0.017381742230337276,0.0007441578038945762,0.0166375844264427,2,0.75,0.0,1.0,0.01307516104838613,0.004899043865385644,0.0065320584871808585,0.0
2020-01-17,0.013168966938615887,0.001592681066565052,0.011576285872050835,2,0.75,0.0,1.0,0.0065320584871808585,-0.018796112257840975,-0.025061483010454633,-0.0
2020-01-23,0.014649372851878277,0.009010398128232969,0.0056389747236453075,3,1.0,0.0,1.0,-0.025061483010454633,-0.013361908201412476,-0.013361908201412476,-0.0
2020-02-07,0.04585243968733909,0.16598605362961494,-0.12013361394227584,2,0.75,0.0,1.0,-0.013361908201412476,0.018656161697545803,0.024874882263394404,0.0
2020-02-14,0.024266702743587755,0.004019569697101353,0.020247133046486402,2,0.75,0.0,1.0,0.024874882263394404,0.044204466919399166,0.058939289225865554,0.0
2020-02-21,0.033412947994439536,0.0012139988841783846,0.03219894911026115,3,1.0,0.0,1.0,0.058939289225865554,-0.0472942427297568,-0.0472942427297568,-0.0
2020-02-28,0.028781360477346956,0.02197206415639575,0.006809296320951205,0,0.0,0.0,0.0,-0.0472942427297568,0.0,0.0,0.0
2020-03-06,0.03534223617963962,0.00015800562041233461,0.035184230559227286,3,1.0,0.0,1.0,0.06060223090930106,-0.050272228504511296,-0.050272228504511296,-0.0
2020-03-13,0.02242353512564143,0.0084755280621326,0.013948007063508827,1,0.5,0.0,1.0,-0.050272228504511296,-0.023252047889331606,-0.04650409577866321,-0.0
2020-03-20,0.018087912715283646,0.01241328790586787,0.005674624809415775,0,0.0,0.0,0.0,-0.04650409577866321,0.0,0.0,0.0
2020-03-27,0.016813070755027193,0.010036011331255073,0.006777059423772119,1,0.5,0.0,1.0,0.0047950198138231315,0.00003226693085089938,0.00006453386170179876,0.0
2020-04-03,0.015226253058614456,0.003675450256300005,0.011550802802314453,3,1.0,0.0,1.0,0.00006453386170179876,0.016212124934887884,0.016212124934887884,0.0
2020-04-10,0.02327907906621321,0.003539316398819707,0.019739762667393503,2,0.75,0.0,1.0,0.016212124934887884,0.014528511477338801,0.019371348636451735,0.0
2020-04-17,0.015876620884526155,0.0019392723973464879,0.013937348487179665,2,0.75,0.0,1.0,0.019371348636451735,-0.003919947128293438,-0.005226596171057918,-0.0
2020-04-24,0.01788771693686187,0.0031890916288972405,0.01469862530796463,3,1.0,0.8,1.0,-0.005226596171057918,0.021208160384819097,0.021208160384819097,0.016966528307855278
2020-04-30,0.014487612896560635,0.009793358530522461,0.004694254366038174,3,1.0,0.0,1.0,0.021208160384819097,0.02147993091344791,0.02147993091344791,0.0
2020-05-08,0.01981509352310675,0.0019989723673083677,0.017816121155798382,2,0.75,0.0,1.0,0.02147993091344791,-0.0006518510450332637,-0.0008691347267110183,-0.0
2020-05-15,0.015577733312465614,0.0008856880258980504,0.014692045286567562,3,1.0,0.0,1.0,-0.0008691347267110183,-0.02025369513108166,-0.02025369513108166,-0.0
2020-05-22,0.01727447399683047,0.004006014106426932,0.013268459890403535,2,0.75,0.0,1.0,-0.02025369513108166,0.014932098265057758,0.019909464353410344,0.0
2020-05-29,0.018079934291254325,0.002961606150891237,0.015118328140363088,3,1.0,0.0,1.0,0.019909464353410344,0.036771244292910454,0.036771244292910454,0.0
2020-06-05,0.022888548566427948,0.00217915013043283,0.020709398435995115,2,0.75,0.0,1.0,0.036771244292910454,0.004605131531505047,0.006140175375340062,0.0
2020-06-12,0.013570475217944583,0.0020206854006201906,0.011549789817324393,3,1.0,0.0,1.0,0.006140175375340062,0.029060245731157064,0.029060245731157064,0.0
2020-06-19,0.01712529290481496,0.001914083412767887,0.015211209492047073,2,0.75,0.0,1.0,0.029060245731157064,0.008931729728830218,0.011908972971773624,0.0
2020-06-24,0.01248391657112683,0.0014636320581166873,0.011020284513010141,2,0.75,0.0,1.0,0.011908972971773624,0.04475462715010997,0.05967283620014663,0.0
2020-07-03,0.020528576584664237,0.001186790890268513,0.019341785694395725,3,1.0,0.0,1.0,0.05967283620014663,0.10620122610500449,0.10620122610500449,0.0
2020-07-10,0.04397777949538466,0.00020588062005902206,0.043771898875325635,4,1.0,0.8,1.0,0.10620122610500449,-0.03258022170690689,-0.03258022170690689,-0.02606417736552551
2020-07-17,0.028103185273326597,0.018483646740468013,0.009619538532858584,1,0.5,0.0,1.0,-0.03258022170690689,0.0018116513353795272,0.0036233026707590543,0.0
2020-07-24,0.024942741341419772,0.005524666815498764,0.019418074525921016,2,0.75,0.0,1.0,0.0036233026707590543,0.039414565223250986,0.052552753631001314,0.0
2020-07-31,0.02548053909690857,0.0014309181536322278,0.024049620943276347,4,1.0,0.8,1.0,0.052552753631001314,0.015083669323992854,0.015083669323992854,0.012066935459194284
2020-08-07,0.0328628150008507,0.0022411567833400597,0.030621658217510637,3,1.0,0.0,1.0,0.015083669323992854,-3.52140215875707e-6,-3.52140215875707e-6,-0.0
2020-08-14,0.018146719106655128,0.004828721887525843,0.013317997219129286,2,0.75,0.0,1.0,-3.52140215875707e-6,0.009494232992102059,0.012658977322802745,0.0
2020-08-21,0.01941389014112056,0.0022291831326078267,0.017184707008512733,2,0.75,0.0,1.0,0.012658977322802745,0.020971072118943945,0.02796142949192526,0.0
2020-08-28,0.01269483651492558,0.0027203400695655954,0.009974496445359986,2,0.75,0.0,1.0,0.02796142949192526,-0.003820849428170764,-0.005094465904227685,-0.0
2020-09-04,0.010951555993932183,0.0015064796818361277,0.009445076312096054,2,0.75,0.0,1.0,-0.005094465904227685,-0.027030434622736688,-0.03604057949698225,-0.0
2020-09-11,0.00991943384059779,0.006611096848844486,0.003308336991753304,2,0.75,0.0,1.0,-0.03604057949698225,0.023216313791728616,0.030955085055638154,0.0
2020-09-18,0.010838688102356478,0.0008993513286787803,0.009939336773677697,2,0.75,0.0,1.0,0.030955085055638154,-0.02319208231862732,-0.03092277642483643,-0.0
2020-09-25,0.008902354424562824,0.0024348852516722233,0.006467469172890601,3,1.0,0.0,1.0,-0.03092277642483643,0.004014874433206694,0.004014874433206694,0.0
2020-09-30,0.006933473276395809,0.004623875842196573,0.002309597434199237,3,1.0,0.0,1.0,0.004014874433206694,0.02886622909487846,0.02886622909487846,0.0
2020-10-16,0.010782801309767307,0.0011372189018983095,0.009645582407868999,2,0.75,0.0,1.0,0.02886622909487846,-0.015212703764107743,-0.020283605018810325,-0.0
2020-10-23,0.006464970294988848,0.0010854820113932848,0.005379488283595564,3,1.0,0.0,1.0,-0.020283605018810325,-0.004135397005271546,-0.004135397005271546,-0.0
2020-10-30,0.005810045435155479,0.0024607767781482113,0.003349268657007268,2,0.75,0.0,1.0,-0.004135397005271546,0.02798151933857057,0.03730869245142743,0.0
2020-11-06,0.009731458132540258,0.0011798202479044921,0.008551637884635765,2,0.75,0.0,1.0,0.03730869245142743,0.0010958251724265677,0.0014611002299020903,0.0
2020-11-13,0.01030716003507694,0.0018648383236885783,0.00844232171138836,2,0.75,0.0,1.0,0.0014611002299020903,0.014501318296210097,0.019335091061613463,0.0
2020-11-20,0.009903260518892213,0.001372621301685421,0.008530639217206792,2,0.75,0.0,1.0,0.019335091061613463,0.0018628576395078866,0.0024838101860105155,0.0
2020-11-27,0.008421545102305625,0.0023008860333023403,0.0061206590690032845,2,0.75,0.0,1.0,0.0024838101860105155,0.014001753228118807,0.01866900430415841,0.0
2020-12-04,0.01041157902471156,0.0021014245289579523,0.008310154495753607,3,1.0,0.0,1.0,0.01866900430415841,-0.02751494210556038,-0.02751494210556038,-0.0
2020-12-11,0.008239278435847536,0.003802037514591017,0.004437240921256519,2,0.75,0.0,1.0,-0.02751494210556038,0.014657294245021879,0.019543058993362505,0.0
2020-12-18,0.010509247773201969,0.0036493047015696356,0.006859943071632334,2,0.75,0.0,1.0,0.019543058993362505,0.005691639872678622,0.007588853163571496,0.0
2020-12-25,0.013677969539759496,0.004073483960745649,0.009604485579013848,2,0.75,0.0,1.0,0.007588853163571496,0.02151382284065656,0.028685097120875414,0.0
2020-12-31,0.01674298897572719,0.005200321579096816,0.011542667396630377,3,1.0,0.0,1.0,0.028685097120875414,0.037497501982852954,0.037497501982852954,0.0
2021-01-08,0.017764329148594153,0.00415012673785334,0.013614202410740812,2,0.75,0.0,1.0,0.037497501982852954,-0.003622575698769337,-0.004830100931692449,-0.0
2021-01-15,0.015279013630193409,0.006073578758800976,0.009205434871392434,2,0.75,0.0,1.0,-0.004830100931692449,0.022513756486314096,0.030018341981752128,0.0
2021-01-22,0.019678699181005878,0.0018753721700092026,0.017803327010996673,2,0.75,0.0,1.0,0.030018341981752128,-0.027547299412685772,-0.036729732550247696,-0.0
2021-01-29,0.013724433021589936,0.007148910897338931,0.006575522124251004,2,0.75,0.0,1.0,-0.036729732550247696,0.005177712601487194,0.006903616801982926,0.0
2021-02-05,0.014993612238281499,0.009292210009924943,0.0057014022283565545,2,0.75,0.0,1.0,0.006903616801982926,0.040623743857336136,0.054164991809781515,0.0
2021-02-10,0.014808986749094165,0.003424344521256266,0.011384642227837896,3,1.0,0.0,1.0,0.054164991809781515,-0.052761704926856834,-0.052761704926856834,-0.0
2021-02-26,0.014017556856973413,0.0017163180937096827,0.01230123876326373,1,0.5,0.0,1.0,-0.052761704926856834,0.0025937797998943912,0.0051875595997887824,0.0
2021-03-05,0.015555436618616464,0.0019978707997185437,0.013557565818897919,2,0.75,0.0,1.0,0.0051875595997887824,-0.01396720307987509,-0.018622937439833454,-0.0
2021-03-12,0.012255474890861873,0.003849065024622371,0.008406409866239502,2,0.75,0.0,1.0,-0.018622937439833454,-0.006622704489867459,-0.008830272653156612,-0.0
2021-03-19,0.013999508499617567,0.0011865549748601878,0.012812953524757378,2,0.75,0.0,1.0,-0.008830272653156612,0.00934878126050065,0.012465041680667532,0.0
2021-03-26,0.015918969773445497,0.004217156847829199,0.011701812925616296,2,0.75,0.0,1.0,0.012465041680667532,0.018988048304047656,0.025317397738730207,0.0
2021-04-02,0.017950192251927958,0.0019367258005965604,0.016013466451331393,2,0.75,0.0,1.0,0.025317397738730207,-0.0035924664141155638,-0.004789955218820752,-0.0
2021-04-09,0.017439177822961553,0.0020616098324700944,0.015377567990491458,2,0.75,0.0,1.0,-0.004789955218820752,-0.002055811081435238,-0.002741081441913651,-0.0
2021-04-16,0.01630569248934465,0.004887319631346832,0.011418372857997816,2,0.75,0.0,1.0,-0.002741081441913651,0.02098463023832914,0.02797950698443885,0.0
2021-04-23,0.013072329483871692,0.0021545134129636995,0.01091781607090799,2,0.75,0.0,1.0,0.02797950698443885,0.002699857803244665,0.0035998104043262202,0.0
2021-04-30,0.012891826593351561,0.005370344435980063,0.007521482157371496,2,0.75,0.0,1.0,0.0035998104043262202,0.020766932648409953,0.02768924353121327,0.0
2021-05-14,0.017777749742355735,0.0010709051082610347,0.0167068446340947,4,1.0,0.8,1.0,0.02768924353121327,0.012759493555166923,0.012759493555166923,0.01020759484413354
2021-05-21,0.014576059047448287,0.002322212447558148,0.01225384659989014,2,0.75,0.0,1.0,0.012759493555166923,0.028315888736891393,0.03775451831585519,0.0
2021-05-28,0.014494804044420809,0.0007875953752825411,0.013707208669138268,2,0.75,0.0,1.0,0.03775451831585519,0.005977171246437318,0.007969561661916424,0.0
2021-06-04,0.016499238693931516,0.0020792905669294094,0.014419948127002109,2,0.75,0.0,1.0,0.007969561661916424,0.005541408687328442,0.0073885449164379224,0.0
2021-06-11,0.01503117352957753,0.0026745969146065775,0.012356576614970954,3,1.0,0.0,1.0,0.0073885449164379224,-0.007097706642435808,-0.007097706642435808,-0.0
2021-06-18,0.01212811063724409,0.002760975221265268,0.009367135415978821,3,1.0,0.8,1.0,-0.007097706642435808,0.03962946093088493,0.03962946093088493,0.03170356874470794
2021-06-25,0.015599727196940366,0.0008714020424165716,0.014728325154523794,2,0.75,0.0,1.0,0.03962946093088493,-0.009951127617588124,-0.013268170156784165,-0.0
2021-07-02,0.013040114100688907,0.0013727472051779435,0.011667366895510962,2,0.75,0.0,1.0,-0.013268170156784165,0.013787723624458514,0.01838363149927802,0.0
2021-07-09,0.015103221846778822,0.0012324818311800693,0.013870740015598754,3,1.0,0.8,1.0,0.01838363149927802,0.012244807394145685,0.012244807394145685,0.00979584591531655
2021-07-16,0.015117487775809669,0.0022762868243721103,0.01284120095143756,2,0.75,0.0,1.0,0.012244807394145685,0.014499164613574533,0.019332219484766044,0.0
2021-07-23,0.014455003822393356,0.001727200983746124,0.012727802838647231,3,1.0,0.0,1.0,0.019332219484766044,-0.02821149095288311,-0.02821149095288311,-0.0
2021-07-30,0.015548678302542734,0.006805131117474887,0.008743547185067846,3,1.0,0.0,1.0,-0.02821149095288311,0.03239264474684833,0.03239264474684833,0.0
2021-08-06,0.017503986162295173,0.002353105574949484,0.015150880587345688,3,1.0,0.8,1.0,0.03239264474684833,0.027219903894641462,0.027219903894641462,0.02177592311571317
2021-08-13,0.018324713307287133,0.0009027211922425897,0.01742199211504454,3,1.0,0.0,1.0,0.027219903894641462,-0.01712870655036569,-0.01712870655036569,-0.0
2021-08-20,0.013457595970755964,0.003510716971121177,0.009946878999634787,2,0.75,0.0,1.0,-0.01712870655036569,0.022834177771958064,0.030445570362610752,0.0
2021-08-27,0.019274178159430187,0.001572145679572511,0.01770203247985767,2,0.75,0.0,1.0,0.030445570362610752,0.008026774447983165,0.01070236593064422,0.0
2021-09-03,0.018491993007680622,0.005520485565625446,0.012971507442055174,3,1.0,0.8,1.0,0.01070236593064422,0.04001392016085248,0.04001392016085248,0.032011136128681984
2021-09-10,0.01904062658576406,0.000806833687565455,0.018233792898198608,3,1.0,0.8,1.0,0.04001392016085248,-0.016145836083706344,-0.016145836083706344,-0.012916668866965075
2021-09-17,0.016890347811995825,0.002903222672681292,0.013987125139314535,2,0.75,0.0,1.0,-0.016145836083706344,0.0022812369544844557,0.003041649272645941,0.0
2021-09-24,0.017246822157224898,0.0068369443518400035,0.010409877805384896,2,0.75,0.0,1.0,0.003041649272645941,-0.006547282508387542,-0.00872971001118339,-0.0
2021-09-30,0.012191883922198617,0.013979871062076023,-0.0017879871398774074,1,0.5,0.0,1.0,-0.00872971001118339,0.0000920930996213265,0.000184186199242653,0.0
2021-10-15,0.011564936952031458,0.006093891196020172,0.005471045756011287,2,0.75,0.0,1.0,0.000184186199242653,0.005354240718669467,0.007138987624892623,0.0
2021-10-22,0.01349139523510005,0.001997042700738911,0.011494352534361141,3,1.0,0.8,1.0,0.007138987624892623,-0.003587331244464642,-0.003587331244464642,-0.002869864995571714
2021-10-29,0.011857322548766055,0.0034494308007971043,0.008407891747968951,2,0.75,0.0,1.0,-0.003587331244464642,-0.0017836152901251068,-0.002378153720166809,-0.0
2021-11-05,0.015720784218279955,0.002252035916714783,0.01346874830156517,2,0.75,0.0,1.0,-0.002378153720166809,0.01819474697630913,0.024259662635078838,0.0
2021-11-12,0.015086987649800465,0.0005736983526707574,0.014513289297129705,4,1.0,0.8,1.0,0.024259662635078838,0.01221701881406978,0.01221701881406978,0.009773615051255825
2021-11-19,0.017426458366645893,0.001320965781225702,0.01610549258542019,3,1.0,0.8,1.0,0.01221701881406978,0.009212673272170457,0.009212673272170457,0.0073701386177363664
2021-11-26,0.01598932387388203,0.0006149309351621881,0.015374392938719842,2,0.75,0.0,1.0,0.009212673272170457,0.009769559883633039,0.013026079844844052,0.0
2021-12-03,0.015791486650661872,0.0010524970613418698,0.014738989589320003,2,0.75,0.0,1.0,0.013026079844844052,0.011210463964378747,0.01494728528583833,0.0
2021-12-10,0.014750355192997855,0.0010071396619641367,0.01374321553103372,2,0.75,0.0,1.0,0.01494728528583833,-0.004479765048826689,-0.0059730200651022525,-0.0
2021-12-17,0.020055975441405336,0.00030584871495631567,0.01975012672644902,3,1.0,0.0,1.0,-0.0059730200651022525,-0.004594674356691253,-0.004594674356691253,-0.0
2021-12-24,0.020321642629856508,0.003965990173904052,0.01635565245595245,2,0.75,0.0,1.0,-0.004594674356691253,0.009995327012579214,0.013327102683438952,0.0
2021-12-31,0.01587072411731615,0.0021743394002295712,0.01369638471708658,2,0.75,0.0,1.0,0.013327102683438952,-0.015248619109921535,-0.020331492146562047,-0.0
2022-01-07,0.015474165213447473,0.0045063377670505325,0.010967827446396943,1,0.5,0.0,1.0,-0.020331492146562047,-0.004259115666419844,-0.008518231332839687,-0.0
2022-01-14,0.016090970968187398,0.0014313885813911703,0.01465958238679623,3,1.0,0.0,1.0,-0.008518231332839687,-0.005843189003307048,-0.005843189003307048,-0.0
2022-01-21,0.014073192671955911,0.004848719367709108,0.009224473304246803,2,0.75,0.0,1.0,-0.005843189003307048,-0.033428883847259616,-0.04457184512967949,-0.0
2022-01-28,0.00951023019489132,0.009899380022984102,-0.00038914982809278075,1,0.5,0.0,1.0,-0.04457184512967949,0.00972086186465948,0.01944172372931896,0.0
2022-02-11,0.016576239549270688,0.0022448032820787988,0.014331436267191891,3,1.0,0.0,1.0,0.01944172372931896,0.01703550638647333,0.01703550638647333,0.0
2022-02-18,0.013886107502761896,0.0016390281776971847,0.01224707932506471,2,0.75,0.0,1.0,0.01703550638647333,-0.0018149372355162063,-0.0024199163140216084,-0.0
2022-02-25,0.014987238965933722,0.002195955937914032,0.01279128302801969,2,0.75,0.0,1.0,-0.0024199163140216084,-0.005064212707587196,-0.006752283610116261,-0.0
2022-03-04,0.012524209167204647,0.0016785022595222725,0.010845706907682374,3,1.0,0.0,1.0,-0.006752283610116261,-0.03551587014144286,-0.03551587014144286,-0.0
2022-03-11,0.012511831191063989,0.0039567027773206725,0.008555128413743316,2,0.75,0.0,1.0,-0.03551587014144286,-0.009010043244665589,-0.012013390992887452,-0.0
2022-03-18,0.017977839171584804,0.005795641054635455,0.012182198116949348,3,1.0,0.0,1.0,-0.012013390992887452,-0.010543251329209857,-0.010543251329209857,-0.0
2022-03-25,0.018414411439095217,0.0014981231228117639,0.016916288316283452,2,0.75,0.0,1.0,-0.010543251329209857,0.012834692104343348,0.01711292280579113,0.0
2022-04-01,0.014274474976040303,0.0026927832953295037,0.011581691680710797,1,0.5,0.0,1.0,0.01711292280579113,-0.006755209193008427,-0.013510418386016854,-0.0
2022-04-08,0.01330653038520258,0.004838288000288175,0.008468242384914405,1,0.5,0.0,1.0,-0.013510418386016854,-0.009072411941072389,-0.018144823882144778,-0.0
2022-04-15,0.014326151442168866,0.006779521950213772,0.007546629491955092,1,0.5,0.0,1.0,-0.018144823882144778,-0.01949100565977452,-0.03898201131954904,-0.0
2022-04-22,0.013615538176601983,0.009101201044165256,0.004514337132436724,1,0.5,0.0,1.0,-0.03898201131954904,-0.004598093357276067,-0.009196186714552135,-0.0
2022-04-29,0.022115368782621582,0.04416795059273824,-0.02205258181011666,2,0.75,0.0,1.0,-0.009196186714552135,0.027059241540912216,0.03607898872121629,0.0
2022-05-13,0.022902275135332124,0.001144885346227438,0.021757389789104683,3,1.0,0.0,1.0,0.03607898872121629,0.0266458103703775,0.0266458103703775,0.0
2022-05-20,0.018054773700328132,0.0023737526359726255,0.015681021064355503,2,0.75,0.0,1.0,0.0266458103703775,-0.00501591841046839,-0.006687891213957853,-0.0
2022-05-27,0.017281209431595584,0.003092502603091608,0.014188706828503978,2,0.75,0.0,1.0,-0.006687891213957853,0.02423670189217092,0.03231560252289456,0.0
2022-06-02,0.01926333615580017,0.002275613886536833,0.016987722269263338,2,0.75,0.0,1.0,0.03231560252289456,0.0244730181113193,0.0326306908150924,0.0
2022-06-10,0.01547131072924983,0.001944692420016355,0.013526618309233473,2,0.75,0.0,1.0,0.0326306908150924,0.014344983157349278,0.019126644209799037,0.0
2022-06-17,0.013777895137091614,0.0009720869583698492,0.012805808178721765,1,0.5,0.0,1.0,0.019126644209799037,0.011550692346686597,0.023101384693373195,0.0
2022-06-24,0.018653591650302465,0.0008033648871232496,0.017850226763179215,2,0.75,0.0,1.0,0.023101384693373195,0.012100816249189406,0.016134421665585874,0.0
2022-07-01,0.01885056767099328,0.004236588209961594,0.014613979461031688,2,0.75,0.0,1.0,0.016134421665585874,-0.00015920491089865818,-0.00021227321453154424,-0.0
2022-07-08,0.014148426733088106,0.0018638778237155874,0.01228454890937252,2,0.75,0.0,1.0,-0.00021227321453154424,-0.01839915528620706,-0.024532207048276078,-0.0
2022-07-15,0.01425744196139136,0.004103099092408349,0.01015434286898301,2,0.75,0.0,1.0,-0.024532207048276078,0.011952734538856202,0.015936979385141603,0.0
2022-07-22,0.017504320366574393,0.0010569573539162091,0.016447363012658183,2,0.75,0.0,1.0,0.015936979385141603,0.0005931462955233169,0.0007908617273644225,0.0
2022-07-29,0.014609821562416313,0.0016048638517733786,0.013004957710642934,3,1.0,0.0,1.0,0.0007908617273644225,-0.0007324615540241775,-0.0007324615540241775,-0.0
2022-08-05,0.013490863319390247,0.0034573810728703,0.010033482246519948,2,0.75,0.0,1.0,-0.0007324615540241775,0.015205896766658455,0.020274529022211274,0.0
2022-08-12,0.01686708910228207,0.0007989910423282683,0.016068098059953802,2,0.75,0.0,1.0,0.020274529022211274,0.0008340845776608763,0.0011121127702145017,0.0
2022-08-19,0.015485984348888798,0.001258390949054815,0.014227593399833986,3,1.0,0.8,1.0,0.0011121127702145017,-0.012221388396972066,-0.012221388396972066,-0.009777110717577654
2022-08-26,0.012018147288115968,0.004019312382770384,0.007998834905345583,2,0.75,0.0,1.0,-0.012221388396972066,-0.012219530175640453,-0.016292706900853937,-0.0
2022-09-02,0.010656626672570493,0.00409509539736681,0.006561531275203683,2,0.75,0.0,1.0,-0.016292706900853937,0.0165135140906722,0.022018018787562932,0.0
2022-09-09,0.011183753965988781,0.0013351419179481957,0.009848612048040587,3,1.0,0.8,1.0,0.022018018787562932,-0.04365216354394186,-0.04365216354394186,-0.034921730835153486
2022-09-16,0.007653018097176764,0.004424600004069098,0.003228418093107666,1,0.5,0.0,1.0,-0.04365216354394186,-0.006568671474388776,-0.013137342948777553,-0.0
2022-09-23,0.008937067271571047,0.0018290300645925843,0.0071080372069784615,1,0.5,0.0,1.0,-0.013137342948777553,-0.01016258420267857,-0.02032516840535714,-0.0
2022-09-30,0.00895722275568445,0.003274501294130449,0.005682721461554001,2,0.75,0.0,1.0,-0.02032516840535714,0.022025745637761274,0.029367660850348365,0.0
2022-10-14,0.014604011665385466,0.0023598202269263825,0.012244191438459083,3,1.0,0.0,1.0,0.029367660850348365,-0.0064423728003448755,-0.0064423728003448755,-0.0
2022-10-21,0.013307326083187482,0.001528362394707055,0.011778963688480429,2,0.75,0.0,1.0,-0.0064423728003448755,-0.02762974788340422,-0.03683966384453896,-0.0
2022-10-28,0.010439212198369336,0.005858743607710215,0.004580468590659124,1,0.5,0.0,1.0,-0.03683966384453896,0.033831238630445126,0.06766247726089025,0.0
2022-11-04,0.015570431306438958,0.0017718451298488578,0.013798586176590102,3,1.0,0.8,1.0,0.06766247726089025,0.004229549005279276,0.004229549005279276,0.003383639204223421
2022-11-11,0.01164444992158319,0.00045253103420054067,0.011191918887382649,2,0.75,0.0,1.0,0.004229549005279276,0.005476273938830822,0.007301698585107763,0.0
2022-11-18,0.012699140592387609,0.0007807771317799691,0.01191836346060764,2,0.75,0.0,1.0,0.007301698585107763,-0.005052829722873964,-0.006737106297165285,-0.0
2022-11-25,0.009643643994377655,0.0026261797913715904,0.007017464203006066,1,0.5,0.0,1.0,-0.006737106297165285,0.012568457600234284,0.025136915200468568,0.0
2022-12-02,0.012836585208697526,0.000984136050361528,0.011852449158335998,3,1.0,0.8,1.0,0.025136915200468568,0.017396784190370607,0.017396784190370607,0.013917427352296487
2022-12-09,0.009710010055559501,0.001474906351934425,0.008235103703625075,1,0.5,0.0,1.0,0.017396784190370607,-0.006211591706313524,-0.012423183412627048,-0.0
2022-12-16,0.009697227000292878,0.0013503042061502562,0.008346922794142623,1,0.5,0.0,1.0,-0.012423183412627048,-0.01953328530621079,-0.03906657061242158,-0.0
2022-12-23,0.006703947508482173,0.003270537666793527,0.0034334098416886464,1,0.5,0.0,1.0,-0.03906657061242158,0.008660655014536611,0.017321310029073222,0.0
2022-12-30,0.009876288517561468,0.0008979093880639515,0.008978379129497518,3,1.0,0.0,1.0,0.017321310029073222,0.029353962897817665,0.029353962897817665,0.0
2023-01-06,0.011671389502878375,0.0015799061084369845,0.01009148339444139,2,0.75,0.0,1.0,0.029353962897817665,0.010240948765626368,0.01365459835416849,0.0
2023-01-13,0.00701182225845903,0.0008153281695882593,0.00619649408887077,2,0.75,0.0,1.0,0.01365459835416849,0.020519347878300898,0.027359130504401197,0.0
2023-01-20,0.006928495564459331,0.0013856011315412666,0.005542894432918064,2,0.75,0.0,1.0,0.027359130504401197,0.00810158760583457,0.010802116807779427,0.0
2023-02-03,0.011646659342495293,0.0006108155128717888,0.011035843829623504,3,1.0,0.0,1.0,0.010802116807779427,0.002548531776373375,0.002548531776373375,0.0
2023-02-10,0.006919132273383544,0.0006104345024198163,0.006308697770963728,2,0.75,0.0,1.0,0.002548531776373375,-0.009621781292925818,-0.012829041723901091,-0.0
2023-02-17,0.006343720493415856,0.0003251950015117568,0.0060185254919040984,2,0.75,0.0,1.0,-0.012829041723901091,0.009360408669111087,0.012480544892148115,0.0
2023-02-24,0.005037364332355608,0.0003656472308126334,0.004671717101542974,2,0.75,0.0,1.0,0.012480544892148115,0.01080767322636944,0.014410230968492588,0.0
2023-03-03,0.004668501502327446,0.00036531743037498184,0.004303184071952464,2,0.75,0.0,1.0,0.014410230968492588,-0.020621456932421484,-0.02749527590989531,-0.0
2023-03-10,0.004744032910159028,0.0003649060504612704,0.004379126859697757,3,1.0,0.0,1.0,-0.02749527590989531,0.0010861710765539545,0.0010861710765539545,0.0
2023-03-17,0.005427315078469508,0.00040500588853036826,0.005022309189939139,3,1.0,0.0,1.0,0.0010861710765539545,0.01673655112867478,0.01673655112867478,0.0
2023-03-24,0.005422168928988199,0.0008498010695742432,0.004572367859413955,2,0.75,0.0,1.0,0.01673655112867478,0.004424769818521301,0.005899693091361735,0.0
2023-03-31,0.005339266792367778,0.000566367669929026,0.004772899122438751,3,1.0,0.8,1.0,0.005899693091361735,0.02138812194479356,0.02138812194479356,0.01711049755583485
2023-04-07,0.0076764118918702835,0.00045444344886837694,0.007221968443001907,2,0.75,0.0,1.0,0.02138812194479356,0.0020503185428370485,0.0027337580571160647,0.0
2023-04-14,0.007416364369205966,0.0010882708585247885,0.006328093510681176,2,0.75,0.0,1.0,0.0027337580571160647,-0.012895945588269397,-0.01719459411769253,-0.0
2023-04-21,0.005596689545952137,0.0024555387912178575,0.0031411507547342795,2,0.75,0.0,1.0,-0.01719459411769253,0.004493980280328103,0.005991973707104137,0.0
2023-04-28,0.010497013721238697,0.006595826635189638,0.003901187086049057,2,0.75,0.0,1.0,0.005991973707104137,-0.010295074376306779,-0.013726765835075705,-0.0
2023-05-12,0.007875198063509494,0.001928477457553748,0.005946720605955745,1,0.5,0.0,1.0,-0.013726765835075705,0.005240841973284227,0.010481683946568454,0.0
2023-05-19,0.007745445741847641,0.0016459092671332744,0.006099536474714366,2,0.75,0.0,1.0,0.010481683946568454,-0.009914264018956065,-0.01321901869194142,-0.0
2023-05-26,0.008932498541118886,0.0007210335432048706,0.008211464997914013,3,1.0,0.0,1.0,-0.01321901869194142,0.011449138767409384,0.011449138767409384,0.0
2023-06-02,0.00916665386313208,0.0014010489272722028,0.00776560493585988,2,0.75,0.0,1.0,0.011449138767409384,-0.00232997725446607,-0.0031066363392880936,-0.0
2023-06-09,0.009876482129674128,0.001399616156721327,0.008476865972952802,2,0.75,0.0,1.0,-0.0031066363392880936,0.020401471247049108,0.027201961662732144,0.0
2023-06-16,0.010547064456697433,0.000439424766960788,0.010107639689736644,2,0.75,0.0,1.0,0.027201961662732144,-0.014411738871561386,-0.019215651828748515,-0.0
2023-06-21,0.008512585359224048,0.001661999980213973,0.006850585379010073,2,0.75,0.0,1.0,-0.019215651828748515,0.0051862985741605305,0.006915064765547374,0.0
2023-06-30,0.01004431189837,0.001674816372762434,0.008369495525607566,2,0.75,0.0,1.0,0.006915064765547374,-0.001389065542599488,-0.0018520873901326507,-0.0
2023-07-07,0.007729949517074962,0.0010758322071491272,0.006654117309925836,2,0.75,0.0,1.0,-0.0018520873901326507,0.013428280917745672,0.01790437455699423,0.0
2023-07-14,0.007973281706220747,0.0009568027112235543,0.007016478994997193,3,1.0,0.8,1.0,0.01790437455699423,-0.0176371219524023,-0.0176371219524023,-0.014109697561921842
2023-07-21,0.005934931385125355,0.0011152208357339151,0.00481971054939144,1,0.5,0.0,1.0,-0.0176371219524023,0.015210740200394257,0.030421480400788514,0.0
2023-07-28,0.008908420103298901,0.00047728752806828757,0.008431132575230614,3,1.0,0.8,1.0,0.030421480400788514,0.008284255061976387,0.008284255061976387,0.00662740404958111
2023-08-04,0.006280007189268332,0.000437122962843759,0.005842884226424573,1,0.5,0.0,1.0,0.008284255061976387,-0.010026622397729945,-0.02005324479545989,-0.0
2023-08-11,0.005837242092689979,0.0010325499095706694,0.004804692183119309,2,0.75,0.0,1.0,-0.02005324479545989,-0.012459182603889812,-0.016612243471853083,-0.0
2023-08-18,0.006307329293841958,0.0006742729019422187,0.005633056391899739,3,1.0,0.8,1.0,-0.016612243471853083,-0.025518214103097847,-0.025518214103097847,-0.02041457128247828
2023-08-25,0.006935504029729267,0.002773728909674542,0.004161775120054724,2,0.75,0.0,1.0,-0.025518214103097847,0.024621103088906804,0.03282813745187574,0.0
2023-09-01,0.008634392931802914,0.0006732908616035031,0.00796110207019941,1,0.5,0.0,1.0,0.03282813745187574,-0.002143922357633943,-0.004287844715267886,-0.0
2023-09-08,0.006531416511748075,0.0006333028439697325,0.005898113667778342,2,0.75,0.0,1.0,-0.004287844715267886,-0.0029843456388727874,-0.00397912751849705,-0.0
2023-09-15,0.005497713823868624,0.0001977535274361708,0.005299960296432453,1,0.5,0.0,1.0,-0.00397912751849705,0.0024768672615110843,0.0049537345230221685,0.0
2023-09-22,0.005257511128915734,0.0013045979083037781,0.003952913220611956,1,0.5,0.0,1.0,0.0049537345230221685,-0.001715589317740518,-0.003431178635481036,-0.0
2023-09-28,0.007060231604975727,0.0009381204522912585,0.006122111152684469,3,1.0,0.0,1.0,-0.003431178635481036,-0.0034569956523105017,-0.0034569956523105017,-0.0
2023-10-13,0.008329638450818282,0.0011843741861321797,0.007145264264686103,2,0.75,0.0,1.0,-0.0034569956523105017,-0.028685175702156812,-0.03824690093620908,-0.0
2023-10-20,0.007418493158338357,0.002130691192158047,0.005287801966180309,2,0.75,0.0,1.0,-0.03824690093620908,0.015586192841781032,0.020781590455708043,0.0
2023-10-27,0.011478255322740556,0.001183377499079151,0.010294877823661406,3,1.0,0.0,1.0,0.020781590455708043,0.010815923915371561,0.010815923915371561,0.0
2023-11-03,0.008477280933232748,0.0012223508662263555,0.007254930067006393,2,0.75,0.0,1.0,0.010815923915371561,0.007657055513110245,0.01020940735081366,0.0
2023-11-10,0.009261037344870136,0.0015760907148809338,0.0076849466299892,2,0.75,0.0,1.0,0.01020940735081366,0.006766364817775983,0.009021819757034644,0.0
2023-11-17,0.008586771347198801,0.00035449353988574613,0.008232277807313056,4,1.0,0.8,1.0,0.009021819757034644,-0.006668531928304744,-0.006668531928304744,-0.005334825542643796
2023-11-24,0.00929316794644615,0.0016932467021067137,0.0075999212443394375,1,0.5,0.0,1.0,-0.006668531928304744,-0.0011043665942253034,-0.0022087331884506067,-0.0
2023-12-01,0.007282473025542314,0.0018897793527804508,0.005392693672761864,2,0.75,0.0,1.0,-0.0022087331884506067,-0.013810069158167987,-0.018413425544223982,-0.0
2023-12-08,0.008222770579667835,0.0016915505232628163,0.006531220056405021,1,0.5,0.0,1.0,-0.018413425544223982,-0.003972853065749682,-0.007945706131499364,-0.0
2023-12-15,0.008139002925356955,0.0007076862742866395,0.007431316651070318,3,1.0,0.8,1.0,-0.007945706131499364,-0.012485748391713902,-0.012485748391713902,-0.009988598713371122
2023-12-22,0.006129550501451394,0.003889301414504662,0.0022402490869467325,2,0.75,0.0,1.0,-0.012485748391713902,0.02028166773319151,0.027042223644255348,0.0
2023-12-29,0.009029584958502226,0.0023953060782742923,0.006634278880227934,2,0.75,0.0,1.0,0.027042223644255348,-0.010134518053273422,-0.013512690737697897,-0.0
2024-01-12,0.007963184685338798,0.0016085201560906651,0.006354664529248133,1,0.5,0.0,1.0,-0.013512690737697897,-0.011702513008443716,-0.02340502601688743,-0.0
2024-01-19,0.007293187541636423,0.0020779548046486965,0.005215232736987726,1,0.5,0.0,1.0,-0.02340502601688743,0.00844636797064835,0.0168927359412967,0.0
2024-01-26,0.011914460427852366,0.0051350951364306004,0.006779365291421766,3,1.0,0.0,1.0,0.0168927359412967,-0.07857544676579542,-0.07857544676579542,-0.0
2024-02-02,0.005407546628618675,0.014694411280872104,-0.009286864652253429,0,0.0,0.0,0.0,-0.07857544676579542,0.0,0.0,0.0
2024-02-08,0.04362243484054361,0.09142993226059293,-0.04780749742004933,2,0.75,0.0,1.0,0.06000190270447381,0.04190782349223143,0.05587709798964191,0.0
2024-02-23,0.026786763266105344,0.0,0.026786763266105344,3,1.0,0.0,1.0,0.05587709798964191,0.021158042009400635,0.021158042009400635,0.0
2024-03-01,0.01625002570815063,0.014408755231425704,0.0018412704767249211,1,0.5,0.0,1.0,0.021158042009400635,0.0024062107982583125,0.004812421596516625,0.0
2024-03-08,0.013273296789350039,0.0007830853563038371,0.012490211433046202,1,0.5,0.0,1.0,0.004812421596516625,0.008453381358624057,0.016906762717248114,0.0
2024-03-15,0.01299658108917825,0.00019569471624266143,0.012800886372935588,3,1.0,0.8,1.0,0.016906762717248114,0.002687207912315026,0.002687207912315026,0.002149766329852021
2024-03-22,0.014441788076860463,0.0006652624900051121,0.013776525586855349,2,0.75,0.0,1.0,0.002687207912315026,-0.004617649053226119,-0.0061568654043014925,-0.0
2024-03-29,0.01154202242693016,0.0037173879222597885,0.00782463450467037,1,0.5,0.0,1.0,-0.0061568654043014925,0.005994773571576184,0.011989547143152368,0.0
2024-04-03,0.012583365037272915,0.001434329076792502,0.011149035960480414,1,0.5,0.0,1.0,0.011989547143152368,-0.010345172780694634,-0.020690345561389267,-0.0
2024-04-12,0.01016733242577541,0.003480442585492606,0.006686889840282803,1,0.5,0.0,1.0,-0.020690345561389267,0.004293408128527965,0.00858681625705593,0.0
2024-04-19,0.01653727366734,0.04042231184706405,-0.023885038179724045,1,0.5,0.0,1.0,0.00858681625705593,0.008693314010246533,0.017386628020493067,0.0
2024-04-26,0.010480359831798746,0.002228815467037332,0.008251544364761415,2,0.75,0.0,1.0,0.017386628020493067,0.013478954190652592,0.017971938920870123,0.0
2024-05-10,0.011030010002339769,0.0004302298748326921,0.010599780127507077,2,0.75,0.0,1.0,0.017971938920870123,0.0018145800707115578,0.002419440094282077,0.0
2024-05-17,0.009071358748778105,0.0012121212121212121,0.007859237536656892,3,1.0,0.8,1.0,0.002419440094282077,-0.021442074130542332,-0.021442074130542332,-0.017153659304433865
2024-05-24,0.006529814271749755,0.0013685239491691105,0.005161290322580644,1,0.5,0.0,1.0,-0.021442074130542332,0.00025213118501132836,0.0005042623700226567,0.0
2024-05-31,0.0062561094819159335,0.0020332355816226784,0.004222873900293255,1,0.5,0.0,1.0,0.0005042623700226567,-0.006532933382886019,-0.013065866765772038,-0.0
2024-06-07,0.005982733462012354,0.005279196394540738,0.0007035370674716177,2,0.75,0.0,1.0,-0.013065866765772038,0.0014323560344997044,0.0019098080459996059,0.0
2024-06-14,0.007281585304990687,0.0010263165336433264,0.006255268771347361,2,0.75,0.0,1.0,0.0019098080459996059,-0.008663197632438113,-0.011550930176584151,-0.0
2024-06-21,0.006998518056552307,0.0010555656186063006,0.0059429524379460055,2,0.75,0.0,1.0,-0.011550930176584151,-0.008057207784944925,-0.0107429437132599,-0.0
2024-06-28,0.007623235054358556,0.002150239597173208,0.005472995457185348,1,0.5,0.0,1.0,-0.0107429437132599,-0.0037670072489472406,-0.007534014497894481,-0.0
2024-07-05,0.007236448718819674,0.00101703079031264,0.006219417928507036,1,0.5,0.0,1.0,-0.007534014497894481,0.00828478508469177,0.01656957016938354,0.0
2024-07-12,0.008726284648530452,0.0016432537385653342,0.007083030909965119,3,1.0,0.0,1.0,0.01656957016938354,0.005801374517266256,0.005801374517266256,0.0
2024-07-19,0.006420012658092061,0.0007828708123706032,0.005637141845721457,1,0.5,0.0,1.0,0.005801374517266256,-0.012746328833623921,-0.025492657667247842,-0.0
2024-07-26,0.008732774206322444,0.0013706140525034283,0.007362160153819015,1,0.5,0.0,1.0,-0.025492657667247842,0.004301444664699838,0.008602889329399677,0.0
2024-08-02,0.012766952072327874,0.0005090361517380527,0.012257915920589823,1,0.5,0.0,1.0,0.008602889329399677,-0.006888442375565795,-0.01377688475113159,-0.0
2024-08-09,0.009280918493035265,0.003563590379657629,0.005717328113377634,1,0.5,0.0,1.0,-0.01377688475113159,0.0025797683569540597,0.005159536713908119,0.0
2024-08-16,0.007720518827697025,0.0014499738390361505,0.006270544988660874,3,1.0,0.0,1.0,0.005159536713908119,-0.01386821165613672,-0.01386821165613672,-0.0
2024-08-23,0.007097508754531022,0.0016861515043186458,0.005411357250212376,1,0.5,0.0,1.0,-0.01386821165613672,0.0048912987254439155,0.009782597450887831,0.0
2024-08-30,0.009021523062962718,0.0010589542740022074,0.007962568788960513,2,0.75,0.0,1.0,0.009782597450887831,-0.018060642338502048,-0.024080856451336063,-0.0
2024-09-06,0.007923314751038305,0.0005492273243899515,0.007374087426648354,1,0.5,0.0,1.0,-0.024080856451336063,-0.009535986333439606,-0.01907197266687921,-0.0
2024-09-13,0.007961507254402056,0.002313948525085657,0.0056475587293163985,1,0.5,0.0,1.0,-0.01907197266687921,0.006965347302435587,0.013930694604871174,0.0
2024-09-20,0.009086749035758646,0.0008498398378767079,0.008236909197881939,3,1.0,0.0,1.0,0.013930694604871174,0.14573473448810992,0.14573473448810992,0.0
2024-09-27,0.01992201515557574,0.0005098808331666725,0.01941213432240907,3,1.0,0.0,1.0,0.14573473448810992,-0.025425663582406055,-0.025425663582406055,-0.0
2024-10-11,0.04778474808861008,0.05195059792197608,-0.004165849833365994,0,0.0,0.0,0.0,-0.025425663582406055,0.0,0.0,0.0
2024-10-18,0.016975011471528748,0.0006272434417859973,0.016347768029742745,4,1.0,0.8,1.0,0.03232704098713168,0.026555998352518317,0.026555998352518317,0.021244798682014655
2024-10-25,0.02398531629494796,0.0002743561133442046,0.023710960181603756,3,1.0,0.0,1.0,0.026555998352518317,-0.0048430494647305755,-0.0048430494647305755,-0.0
2024-11-01,0.031178568617291715,0.006461803579595427,0.024716765037696282,4,1.0,0.8,1.0,-0.0048430494647305755,0.06895834041680637,0.06895834041680637,0.055166672333445105
2024-11-08,0.030306508251313834,0.002388678713196625,0.027917829538117216,3,1.0,0.0,1.0,0.06895834041680637,-0.033208468500198096,-0.033208468500198096,-0.0
2024-11-15,0.01601096104912899,0.0037189273830495204,0.012292033666079468,2,0.75,0.0,1.0,-0.033208468500198096,-0.012041446726103022,-0.016055262301470696,-0.0
2024-11-22,0.02007911312774491,0.003601311399911025,0.016477801727833884,3,1.0,0.0,1.0,-0.016055262301470696,0.03196008153885055,0.03196008153885055,0.0
2024-11-29,0.022418062750748813,0.004186297396071061,0.018231765354677753,2,0.75,0.0,1.0,0.03196008153885055,0.02013002901078792,0.02684003868105056,0.0
2024-12-06,0.024403828187114594,0.0017989602848606206,0.02260486790225397,2,0.75,0.0,1.0,0.02684003868105056,0.0018289756864906526,0.0024386342486542034,0.0
2024-12-13,0.023729270522910705,0.002345689536627224,0.021383580986283485,2,0.75,0.0,1.0,0.0024386342486542034,-0.004641489519401409,-0.0061886526925352126,-0.0
2024-12-20,0.015281094015585217,0.008520388488581875,0.006760705527003344,1,0.5,0.0,1.0,-0.0061886526925352126,0.0017901487990896747,0.0035802975981793494,0.0
2024-12-27,0.011992424057433093,0.00968878198866966,0.00230364206876343,1,0.5,0.0,1.0,0.0035802975981793494,-0.018494703522886735,-0.03698940704577347,-0.0
2024-12-31,0.008096206170197651,0.0023482154637028273,0.005747990706494822,1,0.5,0.0,1.0,-0.03698940704577347,-0.0038822391927247346,-0.007764478385449469,-0.0
2025-01-10,0.013624204567636152,0.005113474859909638,0.008510729707726514,2,0.75,0.0,1.0,-0.007764478385449469,0.02511493474413712,0.03348657965884949,0.0
2025-01-17,0.01490431812451536,0.0021459761092637256,0.012758342015251634,4,1.0,0.8,1.0,0.03348657965884949,0.010435580046830095,0.010435580046830095,0.008348464037464077
2025-01-24,0.010529364922489074,0.004133625716861508,0.006395739205627566,2,0.75,0.0,1.0,0.010435580046830095,0.022422757135729388,0.02989700951430585,0.0
2025-02-07,0.016173031956352297,0.002338269680436477,0.013834762275915824,4,1.0,0.8,1.0,0.02989700951430585,0.017942960330083135,0.017942960330083135,0.01435436826406651
2025-02-14,0.016176183979731047,0.00035080880919898655,0.015825375170532056,2,0.75,0.0,1.0,0.017942960330083135,0.015396851858988925,0.020529135811985233,0.0
2025-02-21,0.018050682261208574,0.0011306042884990253,0.01692007797270955,2,0.75,0.0,1.0,0.020529135811985233,-0.014613812693180711,-0.019485083590907615,-0.0
2025-02-28,0.014074074074074076,0.0026510721247563354,0.01142300194931774,1,0.5,0.0,1.0,-0.019485083590907615,0.01149021967542152,0.02298043935084304,0.0
2025-03-07,0.014305849741813273,0.001987931808507205,0.012317917933306066,2,0.75,0.0,1.0,0.02298043935084304,0.012694007030128573,0.016925342706838098,0.0
2025-03-14,0.013212408782413296,0.0011302700329241743,0.012082138749489121,3,1.0,0.8,1.0,0.016925342706838098,-0.01500423173005283,-0.01500423173005283,-0.012003385384042265
2025-03-21,0.011492667234899176,0.0010516900919270492,0.010440977142972128,2,0.75,0.0,1.0,-0.01500423173005283,-0.005114602338630786,-0.006819469784841048,-0.0
2025-03-28,0.010238530458892827,0.005099851717720208,0.0051386787411726205,2,0.75,0.0,1.0,-0.006819469784841048,-0.004413909937806687,-0.005885213250408916,-0.0
2025-04-03,0.009144858535817124,0.004134667148221088,0.005010191387596037,1,0.5,0.0,1.0,-0.005885213250408916,-0.016701038329822726,-0.03340207665964545,-0.0
2025-04-11,0.01944835182663574,0.12423986773043558,-0.10479151590379984,3,1.0,0.0,1.0,-0.03340207665964545,0.009381407630470795,0.009381407630470795,0.0
2025-04-18,0.013800705644966832,0.001321671575685576,0.012479034069281254,2,0.75,0.0,1.0,0.009381407630470795,0.009917268555407699,0.013223024740543599,0.0
2025-04-25,0.014144600346298863,0.0028754087790375782,0.011269191567261286,2,0.75,0.0,1.0,0.013223024740543599,-0.001044548757327124,-0.0013927316764361652,-0.0
2025-04-30,0.011332634118116539,0.005568179051439126,0.005764455066677413,3,1.0,0.0,1.0,-0.0013927316764361652,0.023957176493359267,0.023957176493359267,0.0
2025-05-09,0.012779397473275025,0.0005830903790087463,0.012196307094266279,3,1.0,0.8,1.0,0.023957176493359267,0.009576872890289412,0.009576872890289412,0.00766149831223153
2025-05-16,0.010378117551941813,0.0003109362205011345,0.010067181331440678,4,1.0,0.8,1.0,0.009576872890289412,-0.003811668905626675,-0.003811668905626675,-0.00304933512450134
2025-05-23,0.011731081977731813,0.0013596608178080309,0.010371421159923783,2,0.75,0.0,1.0,-0.003811668905626675,0.0014259380409092914,0.0019012507212123886,0.0
2025-05-30,0.012785694247023435,0.0012436542168372717,0.011542040030186166,3,1.0,0.8,1.0,0.0019012507212123886,0.016054927636164562,0.016054927636164562,0.01284394210893165
2025-06-06,0.012531761001446194,0.0009714397102659831,0.01156032129118021,2,0.75,0.0,1.0,0.016054927636164562,0.0016661173922449812,0.0022214898563266416,0.0
2025-06-13,0.01118657817835526,0.0008544896194680204,0.01033208855888724,2,0.75,0.0,1.0,0.0022214898563266416,-0.004622470469598766,-0.0061632939594650216,-0.0
2025-06-20,0.008659500693481276,0.001863866610384128,0.006795634083097147,1,0.5,0.0,1.0,-0.0061632939594650216,0.016086932689043043,0.032173865378086086,0.0
2025-06-27,0.012849785846323031,0.0010093393793160828,0.01184044646700695,3,1.0,0.8,1.0,0.032173865378086086,0.015610969364610483,0.015610969364610483,0.012488775491688387
2025-07-04,0.011764811912652776,0.0012813800643406556,0.010483431848312122,2,0.75,0.0,1.0,0.015610969364610483,0.01461402896634767,0.019485371955130226,0.0
2025-07-11,0.012116995283927463,0.0006990668520147798,0.011417928431912684,4,1.0,0.8,1.0,0.019485371955130226,0.018897289492555203,0.018897289492555203,0.015117831594044163
2025-07-18,0.010370945814721306,0.0013594872790833172,0.009011458535637989,3,1.0,0.8,1.0,0.018897289492555203,0.022753585675348464,0.022753585675348464,0.018202868540278774
2025-07-25,0.015307640293336602,0.0008935358178863448,0.01441410447545026,2,0.75,0.0,1.0,0.022753585675348464,-0.0045564702215685204,-0.006075293628758027,-0.0
2025-08-01,0.009051040455196602,0.0011264775879264127,0.00792456286727019,2,0.75,0.0,1.0,-0.006075293628758027,0.017647155184938534,0.023529540246584713,0.0
2025-08-08,0.011340152949468899,0.0009708964218884796,0.01036925652758042,2,0.75,0.0,1.0,0.023529540246584713,0.021566570045366606,0.028755426727155475,0.0
2025-08-15,0.013859306098677096,0.0008540674125870753,0.01300523868609002,3,1.0,0.0,1.0,0.028755426727155475,0.04055589466921772,0.04055589466921772,0.0
2025-08-22,0.015139751552795034,0.0013198757763975154,0.013819875776397516,2,0.75,0.0,1.0,0.04055589466921772,0.013618842408212206,0.01815845654428294,0.0
2025-08-29,0.01222826086956522,0.001125776397515528,0.01110248447204969,2,0.75,0.0,1.0,0.01815845654428294,-0.005379764207177007,-0.007173018942902676,-0.0
2025-09-05,0.011956521739130435,0.0031055900621118015,0.008850931677018633,2,0.75,0.0,1.0,-0.007173018942902676,NaN,NaN,NaN
2025-09-12,0.012653735145540256,0.0006598700871349139,0.011993865058405342,2,0.75,0.0,1.0,NaN,NaN,NaN,NaN
2025-09-19,0.012070638463031243,0.0010867455850960606,0.010983892877935183,2,0.75,0.0,1.0,NaN,NaN,NaN,NaN
2025-09-26,0.01113572462288108,0.0022113551040505173,0.00892436951883056,2,0.75,0.0,1.0,NaN,NaN,NaN,NaN
2025-10-17,0.009268225490065606,0.0017449901702290612,0.007523235319836544,2,0.75,0.0,1.0,NaN,0.028618395062639468,0.03815786008351929,0.0
2025-10-24,0.012638814827535327,0.001085444131943243,0.011553370695592086,2,0.75,0.0,1.0,0.03815786008351929,0.00768961487934372,0.01025281983912496,0.0
2025-10-31,0.010847578251332155,0.0014721925687697346,0.009375385682562418,2,0.75,0.0,1.0,0.01025281983912496,0.008783201203531321,0.011710934938041762,0.0
2025-11-07,0.011734677164065533,0.0012780415712859237,0.010456635592779609,2,0.75,0.0,1.0,0.011710934938041762,0.0006416378808458134,0.0008555171744610846,0.0
2025-11-14,0.013745830114918488,0.0010067089192534852,0.012739121195665004,3,1.0,0.0,1.0,0.0008555171744610846,-0.04139764154097325,-0.04139764154097325,-0.0
2025-11-21,0.009949019308812665,0.0061158243983010065,0.0038331949105116594,2,0.75,0.0,1.0,-0.04139764154097325,0.019000850994467466,0.02533446799262329,0.0
2025-11-28,0.013042289991078173,0.0018577648940256125,0.011184525097052561,2,0.75,0.0,1.0,0.02533446799262329,0.016422645646376632,0.02189686086183551,0.0
2025-12-05,0.010525102914672912,0.0014316789122100256,0.009093424002462883,2,0.75,0.0,1.0,0.02189686086183551,0.002760125359716703,0.0036801671462889374,0.0
2025-12-12,0.011490327136219381,0.0018956186131202494,0.009594708523099132,2,0.75,0.0,1.0,0.0036801671462889374,0.01753897956804057,0.02338530609072076,0.0
2025-12-19,0.01098186141221123,0.0021657085430334213,0.00881615286917781,2,0.75,0.0,1.0,0.02338530609072076,0.0202749647849344,0.027033286379912536,0.0
2025-12-26,0.014718928200065312,0.001004599561566127,0.013714328638499185,2,0.75,0.0,1.0,0.027033286379912536,-0.03223728670245232,-0.0429830489366031,-0.0
2025-12-31,0.011475720936504228,0.005411790976097211,0.006063929960407018,2,0.75,0.0,1.0,-0.0429830489366031,0.03594761112371442,0.04793014816495256,0.0
2026-01-09,0.019414158448345875,0.0007333820968474978,0.018680776351498375,3,1.0,0.0,1.0,0.04793014816495256,0.007291830327022186,0.007291830327022186,0.0
2026-01-16,0.017945882365030766,0.0071778316919912976,0.01076805067303947,2,0.75,0.0,1.0,0.007291830327022186,0.013457892186590104,0.017943856248786805,0.0
2026-01-23,0.015474989375726078,0.001968002002806879,0.013506987372919202,2,0.75,0.0,1.0,0.017943856248786805,-0.0046413311396469314,-0.006188441519529242,-0.0
2026-01-30,0.01323548888354415,0.004283010446368177,0.008952478437175974,1,0.5,0.0,1.0,-0.006188441519529242,-0.004314616926095249,-0.008629233852190499,-0.0
2026-02-06,0.010684176513273358,0.005670857352782892,0.005013319160490466,3,1.0,0.8,1.0,-0.008629233852190499,0.016300115196459908,0.016300115196459908,0.013040092157167928
2026-02-13,0.011449670455982447,0.0016574486973057081,0.009792221758676738,2,0.75,0.0,1.0,0.016300115196459908,0.021102821703955832,0.028137095605274443,0.0
2026-02-27,0.014935440354596262,0.0011081133166313355,0.013827327037964925,2,0.75,0.0,1.0,0.028137095605274443,-0.00758290730654404,-0.010110543075392053,-0.0
2026-03-06,0.013797862753245248,0.0034688764694546155,0.010328986283790632,2,0.75,0.0,1.0,-0.010110543075392053,0.00009552356985292887,0.00012736475980390516,0.0
2026-03-13,0.010173410404624278,0.001001926782273603,0.009171483622350676,2,0.75,0.0,1.0,0.00012736475980390516,-0.024492118830638343,-0.032656158440851124,-0.0
2026-03-20,0.0077071290944123304,0.0018497109826589597,0.005857418111753372,1,0.5,0.0,1.0,-0.032656158440851124,-0.0022778820114240372,-0.0045557640228480745,-0.0
2026-03-27,0.01225187842554094,0.0038533567249950107,0.00839852170054593,3,1.0,0.0,1.0,-0.0045557640228480745,-0.013828386877881016,-0.013828386877881016,-0.0
2026-04-03,0.009283083045729614,0.0023109810634478647,0.006972101982281749,2,0.75,0.0,1.0,-0.013828386877881016,0.034713299902734474,0.04628439987031263,0.0
2026-04-10,0.016220380338509335,0.000914405611085152,0.015305974727424182,2,0.75,0.0,1.0,0.04628439987031263,0.02437772225912027,0.03250362967882703,0.0
2026-04-17,0.012701753346632783,0.0009238690621759475,0.011777884284456839,2,0.75,0.0,1.0,0.03250362967882703,0.013420625409470865,0.01789416721262782,0.0
2026-04-24,0.011617323077121187,0.0023848521336098673,0.00923247094351132,2,0.75,0.0,1.0,0.01789416721262782,0.011489432985018533,0.01531924398002471,0.0
2026-04-30,0.014809791453977835,0.004279576693742879,0.010530214760234956,2,0.75,0.0,1.0,0.01531924398002471,0.02175435172021445,0.029005802293619265,0.0
2026-05-08,0.019230769230769232,0.0005769230769230769,0.018653846153846153,3,1.0,0.0,1.0,0.029005802293619265,0.001913666262229663,0.001913666262229663,0.0
2026-05-15,0.014570897531021015,0.0019222267223320648,0.01264867080868895,2,0.75,0.0,1.0,0.001913666262229663,0.002443665939945272,0.0032582212532603627,0.0
2026-05-22,0.014835340812512383,0.0033437222036656854,0.011491618608846696,2,0.75,0.0,1.0,0.0032582212532603627,-0.006460732743811981,-0.008614310325082641,-0.0
2026-05-29,0.01363698104025426,0.004724837372428041,0.008912143667826217,1,0.5,0.0,1.0,-0.008614310325082641,-0.0028942937261091095,-0.005788587452218219,-0.0
2026-06-05,0.01551920303507033,0.0024968531014243145,0.013022349933646015,1,0.5,0.0,1.0,-0.005788587452218219,-0.0012329168210734598,-0.0024658336421469196,-0.0
2026-06-12,0.01605743502146,0.004533186619478005,0.011524248401981994,2,0.75,0.0,1.0,-0.0024658336421469196,0.03068339919918095,0.040911198932241266,0.0
2026-06-18,0.021705724164425663,0.0013446023818670765,0.020361121782558587,3,1.0,0.0,1.0,0.040911198932241266,0.007590112659347392,0.007590112659347392,0.0
2026-06-26,0.018477298763204857,0.004417750536915015,0.014059548226289843,2,0.75,0.0,1.0,0.007590112659347392,0.012233183513194246,0.01631091135092566,0.0
2026-07-03,0.023174555302994816,0.004650128799475563,0.01852442650351925,2,0.75,0.0,1.0,0.01631091135092566,-0.010016970797382202,-0.01335596106317627,-0.0
