index,factor,horizon,n_obs,pearson_ic,spearman_ic,hac_beta,hac_t,hac_pvalue,directional_ic,q5_minus_q1
沪深300,limit_up_ratio,1,435,0.1708638833819211,0.09013240940001871,0.07836138948421907,2.940799125798024,0.0032736675152271757,0.1708638833819211,0.006037279087895623
沪深300,limit_up_ratio,3,435,0.07339638237799023,0.043101774878872,0.04433312359050434,1.4564715156534807,0.1452623182831335,0.07339638237799023,0.004438902519464957
沪深300,limit_up_ratio,5,435,0.012789897717378363,0.02974843387573749,0.010587245398786313,0.22892345740440376,0.8189284082713794,0.012789897717378363,0.0007924391189686312
沪深300,limit_up_ratio,10,434,0.0017532304398545793,0.037730844141927226,0.0021278561498040208,0.030462166820885424,0.9756984658720007,0.0017532304398545793,-0.0018731060915579906
沪深300,limit_down_ratio,1,435,-0.009053648827773144,0.029742974489159146,-0.0020928316233189866,-0.2768823930435646,0.7818704125712892,0.009053648827773144,0.001968392179967235
沪深300,limit_down_ratio,3,435,0.01236149726265401,0.13004493016139101,0.003763427399917854,0.24100127032334698,0.8095541319639805,-0.01236149726265401,-0.0036217824570320134
沪深300,limit_down_ratio,5,435,0.03505499816438578,0.13313748923872015,0.014625968891959428,0.9249043721077357,0.3550156521955318,-0.03505499816438578,-0.0035383903263370236
沪深300,limit_down_ratio,10,434,0.048523529779405175,0.05645095261675542,0.029597212988092793,1.0333056542647288,0.30146088203414234,-0.048523529779405175,-0.0020068013790154465
沪深300,net_limit_ratio,1,435,0.0963262180186555,0.06161776014480052,0.022536080323753205,1.7723629981213038,0.07633431986793537,0.0963262180186555,0.006442783673596519
沪深300,net_limit_ratio,3,435,0.024930730190751156,-0.008181874143757891,0.007681936145512479,0.4311771850257802,0.6663395416732,0.024930730190751156,0.0029965728782316943
沪深300,net_limit_ratio,5,435,-0.028954619780680153,-0.03365134238462654,-0.012226883994820322,-0.6115645883508227,0.5408258731542279,-0.028954619780680153,-0.0016336857425662847
沪深300,net_limit_ratio,10,434,-0.0482541767212761,-0.00194093741537437,-0.029810860786271622,-0.9072871649789412,0.36425495974092303,-0.0482541767212761,-0.0035942738990742845
沪深300,limit_up_next_ret,1,430,0.014939732715306532,-0.030492197059941085,0.0203226858789218,0.22074782378398775,0.8252887918798312,0.014939732715306532,-0.0017789419680877367
沪深300,limit_up_next_ret,3,430,-0.05617613657359819,-0.10059795058446114,-0.10250599988284184,-0.8614305180326877,0.38900097388543364,-0.05617613657359819,-0.007140631638801206
沪深300,limit_up_next_ret,5,430,-0.046732309630903926,-0.07853184963204927,-0.1168833841372058,-0.8163722413869978,0.4142872679189594,-0.046732309630903926,-0.006342388656041838
沪深300,limit_up_next_ret,10,429,0.0016035506040888354,0.03316746283492643,0.005879246069794973,0.031081155021843245,0.9752048185224814,0.0016035506040888354,-0.0014736254716396996
沪深300,limit_down_next_ret,1,428,0.06306100167494955,0.06096921310648905,0.04941700829247246,1.394074394457309,0.1632951405055355,0.06306100167494955,0.003892352543037906
沪深300,limit_down_next_ret,3,428,-0.012035457337858282,-0.023624911935008458,-0.012814061114592226,-0.26709959632487296,0.7893924783914313,-0.012035457337858282,2.7451104585898053e-05
沪深300,limit_down_next_ret,5,428,-0.020186201364370077,-0.06857429379261769,-0.02943943082898246,-0.42752030556368603,0.6690003985314426,-0.020186201364370077,-0.0008063799696674254
沪深300,limit_down_next_ret,10,427,-0.024001288414363085,-0.028475433572786497,-0.05159980726877404,-0.5388242378704783,0.5900081376026578,-0.024001288414363085,-0.005581657468719748
沪深300,chase_ret,1,435,0.2521366112684208,0.17637261147889674,0.255582552512033,4.208362742472072,2.5722770182931864e-05,0.2521366112684208,0.008202518886392729
沪深300,chase_ret,3,435,0.07780724753065438,0.07797698622468244,0.10387646583760582,1.1755217799133968,0.23978602881319555,0.07780724753065438,0.0053104074747055245
沪深300,chase_ret,5,435,0.0025365291369139615,0.04450146296234202,0.004640867826136673,0.049417422336329855,0.9605866441077414,0.0025365291369139615,0.0008547478275463231
沪深300,chase_ret,10,434,-0.00394332517557441,0.08338404525134968,-0.010547851199941706,-0.07858278087753848,0.9373644840479273,-0.00394332517557441,0.0037166142401600342
中证500,limit_up_ratio,1,435,0.20711247750646533,0.11474232434919887,0.11025621820631291,3.5660509418079305,0.0003624009566596427,0.20711247750646533,0.00923705597900537
中证500,limit_up_ratio,3,435,0.08807878552685483,0.07174136048510017,0.0641908780201717,1.6943814816808869,0.0901928161127192,0.08807878552685483,0.006767819940195135
中证500,limit_up_ratio,5,435,0.035846851563684494,0.05545181667207183,0.034538573002117316,0.6509145310214312,0.5151016607555131,0.035846851563684494,0.0039239788053042545
中证500,limit_up_ratio,10,434,0.06127076889386885,0.11163120954667645,0.08654320554983524,1.0391748078331162,0.29872344451095056,0.06127076889386885,0.005681574292110829
中证500,limit_down_ratio,1,435,-0.001497942383871945,0.012510263792170146,-0.00040193028030351564,-0.0424036748543547,0.9661768988758432,0.001497942383871945,0.00448989385006108
中证500,limit_down_ratio,3,435,0.012793543890660494,0.12101253792669807,0.004699499960097112,0.3206082558335948,0.7485072803957924,-0.012793543890660494,-0.003728807963597098
中证500,limit_down_ratio,5,435,0.038946199952943045,0.14534619462559847,0.01891373284872045,1.1667451222224283,0.24331331476105778,-0.038946199952943045,-0.0054360777643288356
中证500,limit_down_ratio,10,434,0.0838235038130497,0.07400629777272925,0.05950324178443822,2.02106895554603,0.04327262746513687,-0.0838235038130497,-0.004371544384285751
中证500,net_limit_ratio,1,435,0.1071706353810953,0.09088517206701104,0.029104131971951365,1.6710641258072945,0.09470901231474935,0.1071706353810953,0.00929702462883514
中证500,net_limit_ratio,3,435,0.031983410194193825,0.037299345176719796,0.01189073727799134,0.6241990120798921,0.5324968955952312,0.031983410194193825,0.005881924829788032
中证500,net_limit_ratio,5,435,-0.02113082824790133,-0.003517597225313596,-0.010386085896657555,-0.48620960664433754,0.626818560855787,-0.02113082824790133,0.002220270121202894
中证500,net_limit_ratio,10,434,-0.05371170767796532,0.05300416471412627,-0.03861757074411053,-1.0423041635972512,0.2972706826158511,-0.05371170767796532,0.0023003895953563284
中证500,limit_up_next_ret,1,430,0.08729334332629428,0.00814415714323986,0.13797816788355463,1.2929244667765656,0.19603718443620122,0.08729334332629428,0.0020574010458382073
中证500,limit_up_next_ret,3,430,-0.048318133250578085,-0.08864346682293048,-0.10614677760311902,-0.6725777631036446,0.5012159525571123,-0.048318133250578085,-0.006223832314870871
中证500,limit_up_next_ret,5,430,-0.08818343569285322,-0.10381911834455945,-0.25634419953927573,-1.4338323716693768,0.15162010466510178,-0.08818343569285322,-0.00895756956171367
中证500,limit_up_next_ret,10,429,0.007100970765128709,0.04175331297696001,0.03028558462631052,0.1302775730316123,0.8963468229668191,0.007100970765128709,0.0023820451435495197
中证500,limit_down_next_ret,1,428,0.07535167486926979,0.09548288390022724,0.06912837035024881,1.4785002022521123,0.13927394300167442,0.07535167486926979,0.0056538328699736245
中证500,limit_down_next_ret,3,428,-0.007785957253741674,-0.02133426555059771,-0.009994040249319675,-0.16318624131127696,0.8703717988406515,-0.007785957253741674,8.471950023365747e-05
中证500,limit_down_next_ret,5,428,-0.02986771726530851,-0.06626267864202597,-0.050696081488208034,-0.6240350994477265,0.5326045343925054,-0.02986771726530851,-0.0019266794146085525
中证500,limit_down_next_ret,10,427,-0.02174538902270158,-0.01614389878415583,-0.054165074887625383,-0.47469355403781055,0.6350054130575208,-0.02174538902270158,-0.00539887624340782
中证500,chase_ret,1,435,0.29333688101977984,0.2017663429731885,0.3451492502459462,5.12111548196682,3.037335590386964e-07,0.29333688101977984,0.011724478159021182
中证500,chase_ret,3,435,0.09450310854147964,0.11734794886410851,0.1522269439426117,1.3205383603908833,0.18665533726486572,0.09450310854147964,0.008447125170785035
中证500,chase_ret,5,435,0.034816025196761316,0.10306442136814313,0.07414399739532831,0.6306631321151965,0.5282608101130678,0.034816025196761316,0.005081398075939216
中证500,chase_ret,10,434,0.039863404131258315,0.15715023364425956,0.12409439612652862,0.7658005260569031,0.4437950011589219,0.039863404131258315,0.012064020527840103
中证1000,limit_up_ratio,1,435,0.23860985674533622,0.14896536773532942,0.1411965859399528,4.188193514128738,2.811837127724295e-05,0.23860985674533622,0.01219826300671537
中证1000,limit_up_ratio,3,435,0.12531807607336495,0.10347955449841299,0.10004215995373508,2.4247497990817757,0.015318940320499358,0.12531807607336495,0.00953865741044257
中证1000,limit_up_ratio,5,435,0.06958304284016766,0.06960807403654247,0.07306855297907228,1.2265382613075992,0.21999618618443795,0.06958304284016766,0.006470643820376102
中证1000,limit_up_ratio,10,434,0.10246712664904634,0.1274014367223849,0.15975232881822635,1.7310919383004084,0.08343536799285024,0.10246712664904634,0.010541677742703683
中证1000,limit_down_ratio,1,435,0.01677851871599519,0.00568047980807008,0.00500435627682731,0.5183491097278682,0.6042147144041243,-0.01677851871599519,0.005178933771821429
中证1000,limit_down_ratio,3,435,0.03952848804857783,0.12698240300646468,0.015905170626265747,1.0929032401105834,0.2744362855340059,-0.03952848804857783,-0.0023892576893848392
中证1000,limit_down_ratio,5,435,0.06915294538466427,0.14330373233014845,0.036601304257218414,1.7413759300813085,0.08161770450639678,-0.06915294538466427,-0.004300189619322425
中证1000,limit_down_ratio,10,434,0.12101139434075667,0.0650517358987063,0.09481653377307694,2.572789014795565,0.010088268628874724,-0.12101139434075667,-0.002075447791650969
中证1000,net_limit_ratio,1,435,0.1047408381733025,0.11154275507600396,0.03161796235227858,1.5912331815588663,0.11155710794850461,0.1047408381733025,0.011006844058873625
中证1000,net_limit_ratio,3,435,0.023921915139074757,0.0360122735765921,0.009741981568929286,0.4922901680260944,0.6225142296467464,0.023921915139074757,0.006890182137207642
中证1000,net_limit_ratio,5,435,-0.03449317255927483,-0.005480168203500042,-0.018477459062305274,-0.7831420999297174,0.4335436711095346,-0.03449317255927483,0.0024511754651341563
中证1000,net_limit_ratio,10,434,-0.07040727696908877,0.05686791023230516,-0.05587487074545768,-1.2438849229949602,0.21354191908355558,-0.07040727696908877,0.0026430832462046062
中证1000,limit_up_next_ret,1,430,0.11899919528837245,0.03481531148935239,0.20839653193613666,1.6350219752720274,0.10204444099507981,0.11899919528837245,0.004049487914552133
中证1000,limit_up_next_ret,3,430,-0.010439491851839485,-0.06205321145158192,-0.025113852689261196,-0.16779219802974213,0.8667467605496686,-0.010439491851839485,-0.004950613595774563
中证1000,limit_up_next_ret,5,430,-0.0700755092963843,-0.08503395379778049,-0.22193222583127648,-1.1560572700970158,0.24765773240027322,-0.0700755092963843,-0.008023839864744232
中证1000,limit_up_next_ret,10,429,0.01648157803079278,0.03669482006799981,0.07757396176114208,0.27842995961285766,0.7806823239429976,0.01648157803079278,0.004950218635865128
中证1000,limit_down_next_ret,1,428,0.11270023198067282,0.12907622483231493,0.11494053631532329,2.179558761180066,0.02929018447605659,0.11270023198067282,0.008238216194611604
中证1000,limit_down_next_ret,3,428,0.02991144814309688,0.013046705095119375,0.04206631167094739,0.6397379644018347,0.5223429694387607,0.02991144814309688,0.0022863604570990824
中证1000,limit_down_next_ret,5,428,-0.017645337636660534,-0.04440863258084034,-0.03266067908915646,-0.3742745420240079,0.708200070490151,-0.017645337636660534,-0.0019066602887183922
中证1000,limit_down_next_ret,10,427,-0.012248185843437296,-0.017387610479793113,-0.03365340807605195,-0.26594753324388287,0.7902796166020668,-0.012248185843437296,-0.0056888407427969035
中证1000,chase_ret,1,435,0.3282977365092097,0.22236488190606427,0.42938526845408187,5.726358721393732,1.0260913623615403e-08,0.3282977365092097,0.014703984691350525
中证1000,chase_ret,3,435,0.11200669247331825,0.12303593478701397,0.1976317652925043,1.5911093369026146,0.11158497161790673,0.11200669247331825,0.009966249724293306
中证1000,chase_ret,5,435,0.052672080429357636,0.11030896423432472,0.12225059989902633,1.0104810909745727,0.31226485429838247,0.052672080429357636,0.0058842977624923715
中证1000,chase_ret,10,434,0.06904655713290077,0.15675256315074226,0.23724813580914605,1.3438800403917401,0.17898718131998925,0.06904655713290077,0.014502069467370815
