datetime,cash,holding_value,total_value
2021-01-04,68586.5788,31302.0,99888.5788
2021-01-05,68586.5788,30867.0,99453.5788
2021-01-06,68586.5788,30771.0,99357.5788
2021-01-07,68586.5788,30309.0,98895.5788
2021-01-08,68586.5788,30357.0,98943.5788
2021-01-11,53438.035599999996,44656.0,98094.0356
2021-01-12,53438.035599999996,44137.0,97575.0356
2021-01-13,53438.035599999996,43044.0,96482.0356
2021-01-14,53438.035599999996,43534.0,96972.0356
2021-01-15,53438.035599999996,45060.0,98498.0356
2021-01-18,37877.3688,62781.0,100658.3688
2021-01-19,37877.3688,64817.0,102694.3688
2021-01-20,37877.3688,65816.0,103693.3688
2021-01-21,37877.3688,64472.0,102349.3688
2021-01-22,37877.3688,62508.0,100385.3688
2021-01-25,22047.6213,75842.0,97889.6213
2021-01-26,22047.6213,75281.0,97328.6213
2021-01-27,22047.6213,76151.0,98198.6213
2021-01-28,22047.6213,77288.0,99335.6213
2021-01-29,22047.6213,75997.0,98044.6213
2021-02-01,6538.9701,91119.0,97657.9701
2021-02-02,6538.9701,90072.0,96610.9701
2021-02-03,6538.9701,89376.0,95914.9701
2021-02-04,6538.9701,87659.0,94197.9701
2021-02-05,6538.9701,86724.0,93262.9701
2021-02-08,2861.8673,89106.0,91967.8673
2021-02-09,2861.8673,89651.0,92512.8673
2021-02-10,2861.8673,90195.0,93056.8673
2021-02-18,2861.8673,93023.0,95884.8673
2021-02-19,2861.8673,97083.0,99944.8673
2021-02-22,976.3017999999998,100425.0,101401.3018
2021-02-23,976.3017999999998,99454.0,100430.3018
2021-02-24,976.3017999999998,99937.0,100913.3018
2021-02-25,976.3017999999998,100093.0,101069.3018
2021-02-26,976.3017999999998,101035.0,102011.3018
2021-03-01,740.2309999999999,103327.0,104067.231
2021-03-02,740.2309999999999,102197.0,102937.231
2021-03-03,740.2309999999999,103365.0,104105.231
2021-03-04,740.2309999999999,103976.0,104716.231
2021-03-05,740.2309999999999,104954.0,105694.231
2021-03-08,498.1583999999999,105211.0,105709.1584
2021-03-09,498.1583999999999,103365.0,103863.1584
2021-03-10,498.1583999999999,101453.0,101951.1584
2021-03-11,498.1583999999999,103856.0,104354.1584
2021-03-12,498.1583999999999,104761.0,105259.1584
2021-03-15,498.1583999999999,104502.0,105000.1584
2021-03-16,498.1583999999999,107666.0,108164.1584
2021-03-17,498.1583999999999,108487.0,108985.1584
2021-03-18,498.1583999999999,107378.0,107876.1584
2021-03-19,498.1583999999999,107820.0,108318.1584
2021-03-22,498.1583999999999,109748.0,110246.1584
2021-03-23,498.1583999999999,107046.0,107544.1584
2021-03-24,498.1583999999999,107577.0,108075.1584
2021-03-25,498.1583999999999,106770.0,107268.1584
2021-03-26,498.1583999999999,108015.0,108513.1584
2021-03-29,498.1583999999999,109013.0,109511.1584
2021-03-30,498.1583999999999,108395.0,108893.1584
2021-03-31,498.1583999999999,111689.0,112187.1584
2021-04-01,498.1583999999999,114471.0,114969.1584
2021-04-02,498.1583999999999,112868.0,113366.1584
2021-04-06,498.1583999999999,114201.0,114699.1584
2021-04-07,498.1583999999999,114285.0,114783.1584
2021-04-08,498.1583999999999,112128.0,112626.1584
2021-04-09,498.1583999999999,113073.0,113571.1584
2021-04-12,498.1583999999999,113190.0,113688.1584
2021-04-13,498.1583999999999,111785.0,112283.1584
2021-04-14,498.1583999999999,112777.0,113275.1584
2021-04-15,498.1583999999999,99530.0,100028.1584
2021-04-16,498.1583999999999,114009.0,114507.1584
2021-04-19,498.1583999999999,114614.0,115112.1584
2021-04-20,498.1583999999999,114213.0,114711.1584
2021-04-21,498.1583999999999,113855.0,114353.1584
2021-04-22,498.1583999999999,115093.0,115591.1584
2021-04-23,498.1583999999999,113909.0,114407.1584
2021-04-26,498.1583999999999,112690.0,113188.1584
2021-04-27,498.1583999999999,111383.0,111881.1584
2021-04-28,498.1583999999999,110856.0,111354.1584
2021-04-29,498.1583999999999,111576.0,112074.1584
2021-04-30,498.1583999999999,111090.0,111588.1584
2021-05-06,498.1583999999999,98966.0,99464.1584
2021-05-07,498.1583999999999,99160.0,99658.1584
2021-05-10,498.1583999999999,99210.0,99708.1584
2021-05-11,498.1583999999999,99507.0,100005.1584
2021-05-12,498.1583999999999,101873.0,102371.1584
2021-05-13,498.1583999999999,101459.0,101957.1584
2021-05-14,498.1583999999999,101842.0,102340.1584
2021-05-17,498.1583999999999,99589.0,100087.1584
2021-05-18,498.1583999999999,100542.0,101040.1584
2021-05-19,498.1583999999999,99874.0,100372.1584
2021-05-20,498.1583999999999,108238.0,108736.1584
2021-05-21,498.1583999999999,109178.0,109676.1584
2021-05-24,498.1583999999999,108916.0,109414.1584
2021-05-25,498.1583999999999,109237.0,109735.1584
2021-05-26,498.1583999999999,109913.0,110411.1584
2021-05-27,498.1583999999999,110489.0,110987.1584
2021-05-28,498.1583999999999,109465.0,109963.1584
2021-05-31,498.1583999999999,110775.0,111273.1584
2021-06-01,498.1583999999999,111799.0,112297.1584
2021-06-02,498.1583999999999,112260.0,112758.1584
2021-06-03,498.1583999999999,112587.0,113085.1584
2021-06-04,498.1583999999999,112929.0,113427.1584
2021-06-07,498.1583999999999,113486.0,113984.1584
2021-06-08,498.1583999999999,114446.0,114944.1584
2021-06-09,498.1583999999999,114575.0,115073.1584
2021-06-10,498.1583999999999,115526.0,116024.1584
2021-06-11,498.1583999999999,114765.0,115263.1584
2021-06-15,498.1583999999999,114082.0,114580.1584
2021-06-16,498.1583999999999,113661.0,114159.1584
2021-06-17,498.1583999999999,113037.0,113535.1584
2021-06-18,498.1583999999999,113131.0,113629.1584
2021-06-21,498.1583999999999,115340.0,115838.1584
2021-06-22,498.1583999999999,115164.0,115662.1584
2021-06-23,498.1583999999999,115381.0,115879.1584
2021-06-24,498.1583999999999,114467.0,114965.1584
2021-06-25,498.1583999999999,113874.0,114372.1584
2021-06-28,498.1583999999999,115286.0,115784.1584
2021-06-29,498.1583999999999,114868.0,115366.1584
2021-06-30,498.1583999999999,114662.0,115160.1584
2021-07-01,498.1583999999999,113344.0,113842.1584
2021-07-02,498.1583999999999,114955.0,115453.1584
2021-07-05,498.1583999999999,116525.0,117023.1584
2021-07-06,498.1583999999999,115441.0,115939.1584
2021-07-07,498.1583999999999,115180.0,115678.1584
2021-07-08,498.1583999999999,114375.0,114873.1584
2021-07-09,498.1583999999999,113820.0,114318.1584
2021-07-12,498.1583999999999,115150.0,115648.1584
2021-07-13,498.1583999999999,116912.0,117410.1584
2021-07-14,498.1583999999999,115791.0,116289.1584
2021-07-15,498.1583999999999,114052.0,114550.1584
2021-07-16,498.1583999999999,113440.0,113938.1584
2021-07-19,498.1583999999999,113702.0,114200.1584
2021-07-20,498.1583999999999,112525.0,113023.1584
2021-07-21,498.1583999999999,114146.0,114644.1584
2021-07-22,498.1583999999999,114511.0,115009.1584
2021-07-23,498.1583999999999,113364.0,113862.1584
2021-07-26,498.1583999999999,111866.0,112364.1584
2021-07-27,498.1583999999999,110751.0,111249.1584
2021-07-28,498.1583999999999,107117.0,107615.1584
2021-07-29,498.1583999999999,109202.0,109700.1584
2021-07-30,498.1583999999999,109615.0,110113.1584
2021-08-02,498.1583999999999,111974.0,112472.1584
2021-08-03,498.1583999999999,114187.0,114685.1584
2021-08-04,498.1583999999999,115928.0,116426.1584
2021-08-05,498.1583999999999,113782.0,114280.1584
2021-08-06,498.1583999999999,114399.0,114897.1584
2021-08-09,498.1583999999999,115049.0,115547.1584
2021-08-10,498.1583999999999,114903.0,115401.1584
2021-08-11,498.1583999999999,115683.0,116181.1584
2021-08-12,498.1583999999999,115555.0,116053.1584
2021-08-13,498.1583999999999,115693.0,116191.1584
2021-08-16,498.1583999999999,116380.0,116878.1584
2021-08-17,498.1583999999999,113895.0,114393.1584
2021-08-18,498.1583999999999,115514.0,116012.1584
2021-08-19,498.1583999999999,115535.0,116033.1584
2021-08-20,498.1583999999999,114154.0,114652.1584
2021-08-23,498.1583999999999,117215.0,117713.1584
2021-08-24,498.1583999999999,116985.0,117483.1584
2021-08-25,498.1583999999999,117416.0,117914.1584
2021-08-26,498.1583999999999,116942.0,117440.1584
2021-08-27,498.1583999999999,116027.0,116525.1584
2021-08-30,498.1583999999999,115750.0,116248.1584
2021-08-31,498.1583999999999,116066.0,116564.1584
2021-09-01,498.1583999999999,116120.0,116618.1584
2021-09-02,498.1583999999999,116200.0,116698.1584
2021-09-03,498.1583999999999,116914.0,117412.1584
2021-09-06,498.1583999999999,117420.0,117918.1584
2021-09-07,498.1583999999999,118551.0,119049.1584
2021-09-08,498.1583999999999,121126.0,121624.1584
2021-09-09,498.1583999999999,120485.0,120983.1584
2021-09-10,498.1583999999999,119264.0,119762.1584
2021-09-13,498.1583999999999,120986.0,121484.1584
2021-09-14,498.1583999999999,118761.0,119259.1584
2021-09-15,498.1583999999999,120065.0,120563.1584
2021-09-16,498.1583999999999,119387.0,119885.1584
2021-09-17,498.1583999999999,118140.0,118638.1584
2021-09-22,498.1583999999999,119044.0,119542.1584
2021-09-23,498.1583999999999,121575.0,122073.1584
2021-09-24,498.1583999999999,118667.0,119165.1584
2021-09-27,498.1583999999999,115841.0,116339.1584
2021-09-28,498.1583999999999,115419.0,115917.1584
2021-09-29,498.1583999999999,113538.0,114036.1584
2021-09-30,498.1583999999999,117038.0,117536.1584
2021-10-08,498.1583999999999,120335.0,120833.1584
2021-10-11,498.1583999999999,123236.0,123734.1584
2021-10-12,498.1583999999999,119125.0,119623.1584
2021-10-13,498.1583999999999,117603.0,118101.1584
2021-10-14,498.1583999999999,119753.0,120251.1584
2021-10-15,498.1583999999999,118526.0,119024.1584
2021-10-18,498.1583999999999,120364.0,120862.1584
2021-10-19,498.1583999999999,119614.0,120112.1584
2021-10-20,498.1583999999999,118887.0,119385.1584
2021-10-21,498.1583999999999,120267.0,120765.1584
2021-10-22,498.1583999999999,117525.0,118023.1584
2021-10-25,498.1583999999999,118231.0,118729.1584
2021-10-26,498.1583999999999,116786.0,117284.1584
2021-10-27,498.1583999999999,115110.0,115608.1584
2021-10-28,498.1583999999999,112477.0,112975.1584
2021-10-29,498.1583999999999,114449.0,114947.1584
2021-11-01,498.1583999999999,117188.0,117686.1584
2021-11-02,498.1583999999999,115081.0,115579.1584
2021-11-03,498.1583999999999,117091.0,117589.1584
2021-11-04,498.1583999999999,121385.0,121883.1584
2021-11-05,498.1583999999999,120489.0,120987.1584
2021-11-08,498.1583999999999,122218.0,122716.1584
2021-11-09,498.1583999999999,124235.0,124733.1584
2021-11-10,498.1583999999999,125174.0,125672.1584
2021-11-11,498.1583999999999,125574.0,126072.1584
2021-11-12,498.1583999999999,126083.0,126581.1584
2021-11-15,498.1583999999999,129027.0,129525.1584
2021-11-16,498.1583999999999,125541.0,126039.1584
2021-11-17,498.1583999999999,126600.0,127098.1584
2021-11-18,498.1583999999999,123919.0,124417.1584
2021-11-19,498.1583999999999,127014.0,127512.1584
2021-11-22,498.1583999999999,127930.0,128428.1584
2021-11-23,498.1583999999999,129687.0,130185.1584
2021-11-24,498.1583999999999,130208.0,130706.1584
2021-11-25,498.1583999999999,129239.0,129737.1584
2021-11-26,498.1583999999999,131794.0,132292.1584
2021-11-29,498.1583999999999,130513.0,131011.1584
2021-11-30,498.1583999999999,133057.0,133555.1584
2021-12-01,498.1583999999999,134552.0,135050.1584
2021-12-02,498.1583999999999,126870.0,127368.1584
2021-12-03,498.1583999999999,132726.0,133224.1584
2021-12-06,498.1583999999999,130189.0,130687.1584
2021-12-07,498.1583999999999,128601.0,129099.1584
2021-12-08,498.1583999999999,129913.0,130411.1584
2021-12-09,498.1583999999999,129304.0,129802.1584
2021-12-10,498.1583999999999,130163.0,130661.1584
2021-12-13,498.1583999999999,130253.0,130751.1584
2021-12-14,498.1583999999999,131417.0,131915.1584
2021-12-15,498.1583999999999,131597.0,132095.1584
2021-12-16,498.1583999999999,132297.0,132795.1584
2021-12-17,498.1583999999999,131180.0,131678.1584
2021-12-20,498.1583999999999,131494.0,131992.1584
2021-12-21,498.1583999999999,134175.0,134673.1584
2021-12-22,498.1583999999999,133093.0,133591.1584
2021-12-23,498.1583999999999,133589.0,134087.1584
2021-12-24,498.1583999999999,130885.0,131383.1584
2021-12-27,498.1583999999999,131052.0,131550.1584
2021-12-28,498.1583999999999,130369.0,130867.1584
2021-12-29,498.1583999999999,129387.0,129885.1584
2021-12-30,498.1583999999999,131583.0,132081.1584
2021-12-31,498.1583999999999,131430.0,131928.1584
2022-01-04,498.1583999999999,134101.0,134599.1584
2022-01-05,498.1583999999999,133744.0,134242.1584
2022-01-06,498.1583999999999,136298.0,136796.1584
2022-01-07,498.1583999999999,132917.0,133415.1584
2022-01-10,498.1583999999999,132241.0,132739.1584
2022-01-11,498.1583999999999,132296.0,132794.1584
2022-01-12,498.1583999999999,134631.0,135129.1584
2022-01-13,498.1583999999999,134490.0,134988.1584
2022-01-14,498.1583999999999,133240.0,133738.1584
2022-01-17,498.1583999999999,134617.0,135115.1584
2022-01-18,498.1583999999999,130473.0,130971.1584
2022-01-19,498.1583999999999,131779.0,132277.1584
2022-01-20,498.1583999999999,128044.0,128542.1584
2022-01-21,498.1583999999999,128711.0,129209.1584
2022-01-24,498.1583999999999,127339.0,127837.1584
2022-01-25,498.1583999999999,120829.0,121327.1584
2022-01-26,498.1583999999999,123758.0,124256.1584
2022-01-27,498.1583999999999,119344.0,119842.1584
2022-01-28,498.1583999999999,122594.0,123092.1584
2022-02-07,498.1583999999999,125036.0,125534.1584
2022-02-08,498.1583999999999,126817.0,127315.1584
2022-02-09,498.1583999999999,128364.0,128862.1584
2022-02-10,498.1583999999999,129265.0,129763.1584
2022-02-11,498.1583999999999,127010.0,127508.1584
2022-02-14,498.1583999999999,128746.0,129244.1584
2022-02-15,498.1583999999999,128092.0,128590.1584
2022-02-16,498.1583999999999,128524.0,129022.1584
2022-02-17,498.1583999999999,127754.0,128252.1584
2022-02-18,498.1583999999999,129709.0,130207.1584
2022-02-21,498.1583999999999,132278.0,132776.1584
2022-02-22,498.1583999999999,130948.0,131446.1584
2022-02-23,498.1583999999999,131199.0,131697.1584
2022-02-24,498.1583999999999,128914.0,129412.1584
2022-02-25,498.1583999999999,129594.0,130092.1584
2022-02-28,498.1583999999999,129483.0,129981.1584
2022-03-01,498.1583999999999,132001.0,132499.1584
2022-03-02,498.1583999999999,133648.0,134146.1584
2022-03-03,498.1583999999999,134496.0,134994.1584
2022-03-04,498.1583999999999,130044.0,130542.1584
2022-03-07,498.1583999999999,129690.0,130188.1584
2022-03-08,498.1583999999999,126455.0,126953.1584
2022-03-09,498.1583999999999,126456.0,126954.1584
2022-03-10,498.1583999999999,128861.0,129359.1584
2022-03-11,498.1583999999999,129408.0,129906.1584
2022-03-14,498.1583999999999,125471.0,125969.1584
2022-03-15,498.1583999999999,118667.0,119165.1584
2022-03-16,498.1583999999999,123358.0,123856.1584
2022-03-17,498.1583999999999,125913.0,126411.1584
2022-03-18,498.1583999999999,129461.0,129959.1584
2022-03-21,498.1583999999999,133601.0,134099.1584
2022-03-22,498.1583999999999,132035.0,132533.1584
2022-03-23,498.1583999999999,130241.0,130739.1584
2022-03-24,498.1583999999999,129452.0,129950.1584
2022-03-25,498.1583999999999,130065.0,130563.1584
2022-03-28,498.1583999999999,129817.0,130315.1584
2022-03-29,498.1583999999999,127073.0,127571.1584
2022-03-30,498.1583999999999,127692.0,128190.1584
2022-03-31,498.1583999999999,127697.0,128195.1584
2022-04-01,498.1583999999999,126744.0,127242.1584
2022-04-06,498.1583999999999,128779.0,129277.1584
2022-04-07,498.1583999999999,124706.0,125204.1584
2022-04-08,498.1583999999999,122802.0,123300.1584
2022-04-11,498.1583999999999,120645.0,121143.1584
2022-04-12,498.1583999999999,124111.0,124609.1584
2022-04-13,498.1583999999999,122591.0,123089.1584
2022-04-14,498.1583999999999,121752.0,122250.1584
2022-04-15,498.1583999999999,118169.0,118667.1584
2022-04-18,498.1583999999999,119820.0,120318.1584
2022-04-19,498.1583999999999,118810.0,119308.1584
2022-04-20,498.1583999999999,121150.0,121648.1584
2022-04-21,498.1583999999999,115299.0,115797.1584
2022-04-22,498.1583999999999,115374.0,115872.1584
2022-04-25,498.1583999999999,107624.0,108122.1584
2022-04-26,498.1583999999999,103635.0,104133.1584
2022-04-27,498.1583999999999,103509.0,104007.1584
2022-04-28,498.1583999999999,101446.0,101944.1584
2022-04-29,498.1583999999999,104828.0,105326.1584
2022-05-05,498.1583999999999,106436.0,106934.1584
2022-05-06,498.1583999999999,107742.0,108240.1584
2022-05-09,498.1583999999999,112065.0,112563.1584
2022-05-10,498.1583999999999,114968.0,115466.1584
2022-05-11,498.1583999999999,115705.0,116203.1584
2022-05-12,498.1583999999999,114564.0,115062.1584
2022-05-13,498.1583999999999,114900.0,115398.1584
2022-05-16,498.1583999999999,115235.0,115733.1584
2022-05-17,498.1583999999999,114752.0,115250.1584
2022-05-18,498.1583999999999,116968.0,117466.1584
2022-05-19,498.1583999999999,118887.0,119385.1584
2022-05-20,498.1583999999999,119669.0,120167.1584
2022-05-23,498.1583999999999,123071.0,123569.1584
2022-05-24,498.1583999999999,118432.0,118930.1584
2022-05-25,498.1583999999999,121193.0,121691.1584
2022-05-26,498.1583999999999,121592.0,122090.1584
2022-05-27,498.1583999999999,124018.0,124516.1584
2022-05-30,498.1583999999999,127674.0,128172.1584
2022-05-31,498.1583999999999,130980.0,131478.1584
2022-06-01,498.1583999999999,134038.0,134536.1584
2022-06-02,498.1583999999999,136150.0,136648.1584
2022-06-06,498.1583999999999,134917.0,135415.1584
2022-06-07,498.1583999999999,135173.0,135671.1584
2022-06-08,498.1583999999999,131982.0,132480.1584
2022-06-09,498.1583999999999,129510.0,130008.1584
2022-06-10,498.1583999999999,131381.0,131879.1584
2022-06-13,498.1583999999999,131694.0,132192.1584
2022-06-14,498.1583999999999,132045.0,132543.1584
2022-06-15,498.1583999999999,130906.0,131404.1584
2022-06-16,498.1583999999999,132253.0,132751.1584
2022-06-17,498.1583999999999,132353.0,132851.1584
2022-06-20,498.1583999999999,132144.0,132642.1584
2022-06-21,498.1583999999999,131255.0,131753.1584
2022-06-22,498.1583999999999,130663.0,131161.1584
2022-06-23,498.1583999999999,132540.0,133038.1584
2022-06-24,498.1583999999999,131991.0,132489.1584
2022-06-27,498.1583999999999,133466.0,133964.1584
2022-06-28,498.1583999999999,134590.0,135088.1584
2022-06-29,498.1583999999999,131448.0,131946.1584
2022-06-30,498.1583999999999,131079.0,131577.1584
2022-07-01,498.1583999999999,130703.0,131201.1584
2022-07-04,498.1583999999999,130935.0,131433.1584
2022-07-05,498.1583999999999,129960.0,130458.1584
2022-07-06,498.1583999999999,129529.0,130027.1584
2022-07-07,498.1583999999999,131140.0,131638.1584
2022-07-08,498.1583999999999,131603.0,132101.1584
2022-07-11,498.1583999999999,130925.0,131423.1584
2022-07-12,498.1583999999999,128585.0,129083.1584
2022-07-13,498.1583999999999,131944.0,132442.1584
2022-07-14,498.1583999999999,131500.0,131998.1584
2022-07-15,498.1583999999999,129195.0,129693.1584
2022-07-18,498.1583999999999,131831.0,132329.1584
2022-07-19,498.1583999999999,134106.0,134604.1584
2022-07-20,498.1583999999999,134717.0,135215.1584
2022-07-21,498.1583999999999,134594.0,135092.1584
2022-07-22,498.1583999999999,134734.0,135232.1584
2022-07-25,498.1583999999999,134613.0,135111.1584
2022-07-26,498.1583999999999,136561.0,137059.1584
2022-07-27,498.1583999999999,137068.0,137566.1584
2022-07-28,498.1583999999999,136658.0,137156.1584
2022-07-29,498.1583999999999,137372.0,137870.1584
2022-08-01,498.1583999999999,137611.0,138109.1584
2022-08-02,498.1583999999999,130940.0,131438.1584
2022-08-03,498.1583999999999,130671.0,131169.1584
2022-08-04,498.1583999999999,132841.0,133339.1584
2022-08-05,498.1583999999999,132230.0,132728.1584
2022-08-08,498.1583999999999,134665.0,135163.1584
2022-08-09,498.1583999999999,134133.0,134631.1584
2022-08-10,498.1583999999999,137151.0,137649.1584
2022-08-11,498.1583999999999,138800.0,139298.1584
2022-08-12,498.1583999999999,139157.0,139655.1584
2022-08-15,498.1583999999999,140074.0,140572.1584
2022-08-16,498.1583999999999,142832.0,143330.1584
2022-08-17,498.1583999999999,142470.0,142968.1584
2022-08-18,498.1583999999999,143337.0,143835.1584
2022-08-19,498.1583999999999,141481.0,141979.1584
2022-08-22,498.1583999999999,142561.0,143059.1584
2022-08-23,498.1583999999999,144484.0,144982.1584
2022-08-24,498.1583999999999,140124.0,140622.1584
2022-08-25,498.1583999999999,137189.0,137687.1584
2022-08-26,498.1583999999999,136838.0,137336.1584
2022-08-29,498.1583999999999,137173.0,137671.1584
2022-08-30,498.1583999999999,135087.0,135585.1584
2022-08-31,498.1583999999999,130361.0,130859.1584
2022-09-01,498.1583999999999,130424.0,130922.1584
2022-09-02,498.1583999999999,133634.0,134132.1584
2022-09-05,498.1583999999999,134430.0,134928.1584
2022-09-06,498.1583999999999,136688.0,137186.1584
2022-09-07,498.1583999999999,136913.0,137411.1584
2022-09-08,498.1583999999999,136421.0,136919.1584
2022-09-09,498.1583999999999,135700.0,136198.1584
2022-09-13,498.1583999999999,136704.0,137202.1584
2022-09-14,498.1583999999999,134331.0,134829.1584
2022-09-15,498.1583999999999,120917.0,121415.1584
2022-09-16,498.1583999999999,125858.0,126356.1584
2022-09-19,498.1583999999999,124176.0,124674.1584
2022-09-20,498.1583999999999,127986.0,128484.1584
2022-09-21,498.1583999999999,127674.0,128172.1584
2022-09-22,498.1583999999999,126878.0,127376.1584
2022-09-23,498.1583999999999,122858.0,123356.1584
2022-09-26,498.1583999999999,121016.0,121514.1584
2022-09-27,498.1583999999999,123661.0,124159.1584
2022-09-28,498.1583999999999,119763.0,120261.1584
2022-09-29,498.1583999999999,118718.0,119216.1584
2022-09-30,498.1583999999999,117072.0,117570.1584
2022-10-10,498.1583999999999,114148.0,114646.1584
2022-10-11,498.1583999999999,115659.0,116157.1584
2022-10-12,498.1583999999999,119483.0,119981.1584
2022-10-13,498.1583999999999,120306.0,120804.1584
2022-10-14,498.1583999999999,122601.0,123099.1584
2022-10-17,498.1583999999999,124184.0,124682.1584
2022-10-18,498.1583999999999,125023.0,125521.1584
2022-10-19,498.1583999999999,123607.0,124105.1584
2022-10-20,498.1583999999999,122937.0,123435.1584
2022-10-21,498.1583999999999,123136.0,123634.1584
2022-10-24,498.1583999999999,119755.0,120253.1584
2022-10-25,498.1583999999999,120275.0,120773.1584
2022-10-26,498.1583999999999,122133.0,122631.1584
2022-10-27,498.1583999999999,122908.0,123406.1584
2022-10-28,498.1583999999999,118584.0,119082.1584
2022-10-31,498.1583999999999,119417.0,119915.1584
2022-11-01,498.1583999999999,123012.0,123510.1584
2022-11-02,498.1583999999999,125045.0,125543.1584
2022-11-03,498.1583999999999,125495.0,125993.1584
2022-11-04,498.1583999999999,127757.0,128255.1584
2022-11-07,498.1583999999999,128263.0,128761.1584
2022-11-08,498.1583999999999,128294.0,128792.1584
2022-11-09,498.1583999999999,129021.0,129519.1584
2022-11-10,498.1583999999999,128451.0,128949.1584
2022-11-11,498.1583999999999,128928.0,129426.1584
2022-11-14,498.1583999999999,127162.0,127660.1584
2022-11-15,498.1583999999999,129564.0,130062.1584
2022-11-16,498.1583999999999,129386.0,129884.1584
2022-11-17,498.1583999999999,130173.0,130671.1584
2022-11-18,498.1583999999999,128542.0,129040.1584
2022-11-21,498.1583999999999,128766.0,129264.1584
2022-11-22,498.1583999999999,129030.0,129528.1584
2022-11-23,498.1583999999999,129767.0,130265.1584
2022-11-24,498.1583999999999,129276.0,129774.1584
2022-11-25,498.1583999999999,131456.0,131954.1584
2022-11-28,498.1583999999999,131816.0,132314.1584
2022-11-29,498.1583999999999,133797.0,134295.1584
2022-11-30,498.1583999999999,132263.0,132761.1584
2022-12-01,498.1583999999999,131411.0,131909.1584
2022-12-02,498.1583999999999,132676.0,133174.1584
2022-12-05,498.1583999999999,134050.0,134548.1584
2022-12-06,498.1583999999999,133584.0,134082.1584
2022-12-07,498.1583999999999,133402.0,133900.1584
2022-12-08,498.1583999999999,132249.0,132747.1584
2022-12-09,498.1583999999999,132804.0,133302.1584
2022-12-12,498.1583999999999,130580.0,131078.1584
2022-12-13,498.1583999999999,131361.0,131859.1584
2022-12-14,498.1583999999999,130047.0,130545.1584
2022-12-15,498.1583999999999,131114.0,131612.1584
2022-12-16,498.1583999999999,130325.0,130823.1584
2022-12-19,498.1583999999999,127903.0,128401.1584
2022-12-20,498.1583999999999,127003.0,127501.1584
2022-12-21,498.1583999999999,126195.0,126693.1584
2022-12-22,498.1583999999999,124059.0,124557.1584
2022-12-23,498.1583999999999,123747.0,124245.1584
2022-12-26,498.1583999999999,125801.0,126299.1584
2022-12-27,498.1583999999999,126439.0,126937.1584
2022-12-28,498.1583999999999,125193.0,125691.1584
2022-12-29,498.1583999999999,124902.0,125400.1584
2022-12-30,498.1583999999999,127539.0,128037.1584
2023-01-03,498.1583999999999,128589.0,129087.1584
2023-01-04,498.1583999999999,128634.0,129132.1584
2023-01-05,498.1583999999999,128134.0,128632.1584
2023-01-06,498.1583999999999,127514.0,128012.1584
2023-01-09,498.1583999999999,127892.0,128390.1584
2023-01-10,498.1583999999999,127415.0,127913.1584
2023-01-11,498.1583999999999,126039.0,126537.1584
2023-01-12,498.1583999999999,125425.0,125923.1584
2023-01-13,498.1583999999999,127203.0,127701.1584
2023-01-16,498.1583999999999,129220.0,129718.1584
2023-01-17,498.1583999999999,128837.0,129335.1584
2023-01-18,498.1583999999999,128501.0,128999.1584
2023-01-19,498.1583999999999,127229.0,127727.1584
2023-01-20,498.1583999999999,129574.0,130072.1584
2023-01-30,498.1583999999999,131323.0,131821.1584
2023-01-31,498.1583999999999,132719.0,133217.1584
2023-02-01,498.1583999999999,137025.0,137523.1584
2023-02-02,498.1583999999999,136845.0,137343.1584
2023-02-03,498.1583999999999,137425.0,137923.1584
2023-02-06,498.1583999999999,137209.0,137707.1584
2023-02-07,498.1583999999999,138389.0,138887.1584
2023-02-08,498.1583999999999,137962.0,138460.1584
2023-02-09,498.1583999999999,140579.0,141077.1584
2023-02-10,498.1583999999999,141071.0,141569.1584
2023-02-13,498.1583999999999,143101.0,143599.1584
2023-02-14,498.1583999999999,141853.0,142351.1584
2023-02-15,498.1583999999999,142369.0,142867.1584
2023-02-16,498.1583999999999,138465.0,138963.1584
2023-02-17,498.1583999999999,136449.0,136947.1584
2023-02-20,498.1583999999999,138131.0,138629.1584
2023-02-21,498.1583999999999,138732.0,139230.1584
2023-02-22,498.1583999999999,137687.0,138185.1584
2023-02-23,498.1583999999999,137473.0,137971.1584
2023-02-24,498.1583999999999,137031.0,137529.1584
2023-02-27,498.1583999999999,135578.0,136076.1584
2023-02-28,498.1583999999999,136993.0,137491.1584
2023-03-01,498.1583999999999,138176.0,138674.1584
2023-03-02,498.1583999999999,137522.0,138020.1584
2023-03-03,498.1583999999999,140752.0,141250.1584
2023-03-06,498.1583999999999,140693.0,141191.1584
2023-03-07,498.1583999999999,138129.0,138627.1584
2023-03-08,498.1583999999999,138321.0,138819.1584
2023-03-09,498.1583999999999,137522.0,138020.1584
2023-03-10,498.1583999999999,134707.0,135205.1584
2023-03-13,498.1583999999999,135275.0,135773.1584
2023-03-14,498.1583999999999,132831.0,133329.1584
2023-03-15,498.1583999999999,134583.0,135081.1584
2023-03-16,498.1583999999999,132655.0,133153.1584
2023-03-17,498.1583999999999,133998.0,134496.1584
2023-03-20,498.1583999999999,132645.0,133143.1584
2023-03-21,498.1583999999999,134723.0,135221.1584
2023-03-22,498.1583999999999,134951.0,135449.1584
2023-03-23,498.1583999999999,134565.0,135063.1584
2023-03-24,498.1583999999999,133858.0,134356.1584
2023-03-27,498.1583999999999,133226.0,133724.1584
2023-03-28,498.1583999999999,132082.0,132580.1584
2023-03-29,498.1583999999999,131282.0,131780.1584
2023-03-30,498.1583999999999,129525.0,130023.1584
2023-03-31,498.1583999999999,131559.0,132057.1584
2023-04-03,498.1583999999999,131980.0,132478.1584
2023-04-04,498.1583999999999,130001.0,130499.1584
2023-04-06,498.1583999999999,127714.0,128212.1584
2023-04-07,498.1583999999999,129300.0,129798.1584
2023-04-10,498.1583999999999,127328.0,127826.1584
2023-04-11,498.1583999999999,127130.0,127628.1584
2023-04-12,498.1583999999999,128766.0,129264.1584
2023-04-13,498.1583999999999,128273.0,128771.1584
2023-04-14,498.1583999999999,128346.0,128844.1584
2023-04-17,498.1583999999999,130245.0,130743.1584
2023-04-18,498.1583999999999,129082.0,129580.1584
2023-04-19,498.1583999999999,128563.0,129061.1584
2023-04-20,498.1583999999999,127405.0,127903.1584
2023-04-21,498.1583999999999,124479.0,124977.1584
2023-04-24,498.1583999999999,122705.0,123203.1584
2023-04-25,498.1583999999999,120774.0,121272.1584
2023-04-26,498.1583999999999,122629.0,123127.1584
2023-04-27,498.1583999999999,122145.0,122643.1584
2023-04-28,498.1583999999999,126378.0,126876.1584
2023-05-04,498.1583999999999,127057.0,127555.1584
2023-05-05,498.1583999999999,125639.0,126137.1584
2023-05-08,498.1583999999999,127700.0,128198.1584
2023-05-09,498.1583999999999,127634.0,128132.1584
2023-05-10,498.1583999999999,128425.0,128923.1584
2023-05-11,498.1583999999999,129852.0,130350.1584
2023-05-12,498.1583999999999,127591.0,128089.1584
2023-05-15,498.1583999999999,129116.0,129614.1584
2023-05-16,498.1583999999999,128765.0,129263.1584
2023-05-17,498.1583999999999,128798.0,129296.1584
2023-05-18,498.1583999999999,129534.0,130032.1584
2023-05-19,498.1583999999999,128465.0,128963.1584
2023-05-22,498.1583999999999,128592.0,129090.1584
2023-05-23,498.1583999999999,126466.0,126964.1584
2023-05-24,498.1583999999999,125774.0,126272.1584
2023-05-25,498.1583999999999,125340.0,125838.1584
2023-05-26,498.1583999999999,125351.0,125849.1584
2023-05-29,498.1583999999999,125210.0,125708.1584
2023-05-30,498.1583999999999,126705.0,127203.1584
2023-05-31,498.1583999999999,125212.0,125710.1584
2023-06-01,498.1583999999999,126883.0,127381.1584
2023-06-02,498.1583999999999,126987.0,127485.1584
2023-06-05,498.1583999999999,128687.0,129185.1584
2023-06-06,498.1583999999999,126447.0,126945.1584
2023-06-07,498.1583999999999,127583.0,128081.1584
2023-06-08,498.1583999999999,126477.0,126975.1584
2023-06-09,498.1583999999999,126591.0,127089.1584
2023-06-12,498.1583999999999,129372.0,129870.1584
2023-06-13,498.1583999999999,130102.0,130600.1584
2023-06-14,498.1583999999999,130726.0,131224.1584
2023-06-15,498.1583999999999,130449.0,130947.1584
2023-06-16,498.1583999999999,131115.0,131613.1584
2023-06-19,498.1583999999999,130052.0,130550.1584
2023-06-20,498.1583999999999,128323.0,128821.1584
2023-06-21,498.1583999999999,126994.0,127492.1584
2023-06-26,498.1583999999999,123041.0,123539.1584
2023-06-27,498.1583999999999,126790.0,127288.1584
2023-06-28,498.1583999999999,126936.0,127434.1584
2023-06-29,498.1583999999999,129001.0,129499.1584
2023-06-30,498.1583999999999,130288.0,130786.1584
2023-07-03,498.1583999999999,130964.0,131462.1584
2023-07-04,498.1583999999999,132458.0,132956.1584
2023-07-05,498.1583999999999,130763.0,131261.1584
2023-07-06,498.1583999999999,131354.0,131852.1584
2023-07-07,498.1583999999999,130508.0,131006.1584
2023-07-10,498.1583999999999,124920.0,125418.1584
2023-07-11,498.1583999999999,126528.0,127026.1584
2023-07-12,498.1583999999999,131782.0,132280.1584
2023-07-13,498.1583999999999,132437.0,132935.1584
2023-07-14,498.1583999999999,131351.0,131849.1584
2023-07-17,498.1583999999999,130794.0,131292.1584
2023-07-18,498.1583999999999,131483.0,131981.1584
2023-07-19,498.1583999999999,131608.0,132106.1584
2023-07-20,498.1583999999999,130151.0,130649.1584
2023-07-21,498.1583999999999,128887.0,129385.1584
2023-07-24,498.1583999999999,128805.0,129303.1584
2023-07-25,498.1583999999999,131720.0,132218.1584
2023-07-26,498.1583999999999,130095.0,130593.1584
2023-07-27,498.1583999999999,129878.0,130376.1584
2023-07-28,498.1583999999999,129953.0,130451.1584
2023-07-31,498.1583999999999,132371.0,132869.1584
2023-08-01,498.1583999999999,130841.0,131339.1584
2023-08-02,498.1583999999999,130647.0,131145.1584
2023-08-03,498.1583999999999,129494.0,129992.1584
2023-08-04,498.1583999999999,129277.0,129775.1584
2023-08-07,498.1583999999999,128732.0,129230.1584
2023-08-08,498.1583999999999,128392.0,128890.1584
2023-08-09,498.1583999999999,126659.0,127157.1584
2023-08-10,498.1583999999999,127968.0,128466.1584
2023-08-11,498.1583999999999,125817.0,126315.1584
2023-08-14,498.1583999999999,127061.0,127559.1584
2023-08-15,498.1583999999999,126536.0,127034.1584
2023-08-16,498.1583999999999,124738.0,125236.1584
2023-08-17,498.1583999999999,127110.0,127608.1584
2023-08-18,498.1583999999999,124754.0,125252.1584
2023-08-21,498.1583999999999,124046.0,124544.1584
2023-08-22,498.1583999999999,125116.0,125614.1584
2023-08-23,498.1583999999999,123416.0,123914.1584
2023-08-24,498.1583999999999,123499.0,123997.1584
2023-08-25,498.1583999999999,120391.0,120889.1584
2023-08-28,498.1583999999999,121549.0,122047.1584
2023-08-29,498.1583999999999,125799.0,126297.1584
2023-08-30,498.1583999999999,126422.0,126920.1584
2023-08-31,498.1583999999999,126089.0,126587.1584
2023-09-01,498.1583999999999,128032.0,128530.1584
2023-09-04,498.1583999999999,129710.0,130208.1584
2023-09-05,498.1583999999999,127866.0,128364.1584
2023-09-06,498.1583999999999,127775.0,128273.1584
2023-09-07,498.1583999999999,126160.0,126658.1584
2023-09-08,498.1583999999999,126228.0,126726.1584
2023-09-11,498.1583999999999,126683.0,127181.1584
2023-09-12,498.1583999999999,126630.0,127128.1584
2023-09-13,498.1583999999999,125028.0,125526.1584
2023-09-14,498.1583999999999,123403.0,123901.1584
2023-09-15,498.1583999999999,123746.0,124244.1584
2023-09-18,498.1583999999999,126836.0,127334.1584
2023-09-19,498.1583999999999,125143.0,125641.1584
2023-09-20,498.1583999999999,124034.0,124532.1584
2023-09-21,498.1583999999999,123131.0,123629.1584
2023-09-22,498.1583999999999,125400.0,125898.1584
2023-09-25,498.1583999999999,125155.0,125653.1584
2023-09-26,498.1583999999999,125038.0,125536.1584
2023-09-27,498.1583999999999,124612.0,125110.1584
2023-09-28,498.1583999999999,126305.0,126803.1584
2023-10-09,498.1583999999999,123904.0,124402.1584
2023-10-10,498.1583999999999,123788.0,124286.1584
2023-10-11,498.1583999999999,122836.0,123334.1584
2023-10-12,498.1583999999999,123214.0,123712.1584
2023-10-13,498.1583999999999,121699.0,122197.1584
2023-10-16,498.1583999999999,121608.0,122106.1584
2023-10-17,498.1583999999999,121240.0,121738.1584
2023-10-18,498.1583999999999,118739.0,119237.1584
2023-10-19,498.1583999999999,118669.0,119167.1584
2023-10-20,498.1583999999999,117212.0,117710.1584
2023-10-23,498.1583999999999,113692.0,114190.1584
2023-10-24,498.1583999999999,117551.0,118049.1584
2023-10-25,498.1583999999999,119939.0,120437.1584
2023-10-26,498.1583999999999,119428.0,119926.1584
2023-10-27,498.1583999999999,119826.0,120324.1584
2023-10-30,498.1583999999999,121135.0,121633.1584
2023-10-31,498.1583999999999,119978.0,120476.1584
2023-11-01,498.1583999999999,121032.0,121530.1584
2023-11-02,498.1583999999999,120989.0,121487.1584
2023-11-03,498.1583999999999,122450.0,122948.1584
2023-11-06,498.1583999999999,123645.0,124143.1584
2023-11-07,498.1583999999999,124352.0,124850.1584
2023-11-08,498.1583999999999,124197.0,124695.1584
2023-11-09,498.1583999999999,123149.0,123647.1584
2023-11-10,498.1583999999999,124686.0,125184.1584
2023-11-13,498.1583999999999,126679.0,127177.1584
2023-11-14,498.1583999999999,127265.0,127763.1584
2023-11-15,498.1583999999999,127685.0,128183.1584
2023-11-16,498.1583999999999,127019.0,127517.1584
2023-11-17,498.1583999999999,127976.0,128474.1584
2023-11-20,498.1583999999999,129625.0,130123.1584
2023-11-21,498.1583999999999,128617.0,129115.1584
2023-11-22,498.1583999999999,128280.0,128778.1584
2023-11-23,498.1583999999999,128897.0,129395.1584
2023-11-24,498.1583999999999,127250.0,127748.1584
2023-11-27,498.1583999999999,127372.0,127870.1584
2023-11-28,498.1583999999999,128087.0,128585.1584
2023-11-29,498.1583999999999,128427.0,128925.1584
2023-11-30,498.1583999999999,127557.0,128055.1584
2023-12-01,498.1583999999999,128803.0,129301.1584
2023-12-04,498.1583999999999,130803.0,131301.1584
2023-12-05,498.1583999999999,128959.0,129457.1584
2023-12-06,498.1583999999999,130972.0,131470.1584
2023-12-07,498.1583999999999,129462.0,129960.1584
2023-12-08,498.1583999999999,127038.0,127536.1584
2023-12-11,498.1583999999999,128852.0,129350.1584
2023-12-12,498.1583999999999,130169.0,130667.1584
2023-12-13,498.1583999999999,130471.0,130969.1584
2023-12-14,498.1583999999999,131487.0,131985.1584
2023-12-15,498.1583999999999,131833.0,132331.1584
2023-12-18,498.1583999999999,130431.0,130929.1584
2023-12-19,498.1583999999999,130845.0,131343.1584
2023-12-20,498.1583999999999,128964.0,129462.1584
2023-12-21,498.1583999999999,129591.0,130089.1584
2023-12-22,498.1583999999999,126530.0,127028.1584
2023-12-25,498.1583999999999,124291.0,124789.1584
2023-12-26,498.1583999999999,122106.0,122604.1584
2023-12-27,498.1583999999999,123009.0,123507.1584
2023-12-28,498.1583999999999,124812.0,125310.1584
2023-12-29,498.1583999999999,127080.0,127578.1584
2024-01-02,498.1583999999999,128243.0,128741.1584
2024-01-03,498.1583999999999,128177.0,128675.1584
2024-01-04,498.1583999999999,127625.0,128123.1584
2024-01-05,498.1583999999999,125318.0,125816.1584
2024-01-08,498.1583999999999,123038.0,123536.1584
2024-01-09,498.1583999999999,124555.0,125053.1584
2024-01-10,498.1583999999999,122869.0,123367.1584
2024-01-11,498.1583999999999,124178.0,124676.1584
2024-01-12,498.1583999999999,122076.0,122574.1584
2024-01-15,498.1583999999999,122516.0,123014.1584
2024-01-16,498.1583999999999,122545.0,123043.1584
2024-01-17,498.1583999999999,119850.0,120348.1584
2024-01-18,498.1583999999999,118345.0,118843.1584
2024-01-19,498.1583999999999,116308.0,116806.1584
2024-01-22,498.1583999999999,108175.0,108673.1584
2024-01-23,498.1583999999999,108062.0,108560.1584
2024-01-24,498.1583999999999,110888.0,111386.1584
2024-01-25,498.1583999999999,115354.0,115852.1584
2024-01-26,498.1583999999999,116835.0,117333.1584
2024-01-29,498.1583999999999,113831.0,114329.1584
2024-01-30,498.1583999999999,109385.0,109883.1584
2024-01-31,498.1583999999999,103922.0,104420.1584
2024-02-01,498.1583999999999,100562.0,101060.1584
2024-02-02,498.1583999999999,94513.0,95011.1584
2024-02-05,498.1583999999999,84379.0,84877.1584
2024-02-06,498.1583999999999,81503.0,82001.1584
2024-02-07,498.1583999999999,77457.0,77955.1584
2024-02-08,498.1583999999999,83449.0,83947.1584
2024-02-19,498.1583999999999,87944.0,88442.1584
2024-02-20,498.1583999999999,90019.0,90517.1584
2024-02-21,498.1583999999999,92128.0,92626.1584
2024-02-22,498.1583999999999,95551.0,96049.1584
2024-02-23,498.1583999999999,99479.0,99977.1584
2024-02-26,498.1583999999999,101913.0,102411.1584
2024-02-27,498.1583999999999,104208.0,104706.1584
2024-02-28,498.1583999999999,95751.0,96249.1584
2024-02-29,498.1583999999999,99926.0,100424.1584
2024-03-01,498.1583999999999,101068.0,101566.1584
2024-03-04,498.1583999999999,100935.0,101433.1584
2024-03-05,498.1583999999999,98748.0,99246.1584
2024-03-06,498.1583999999999,100688.0,101186.1584
2024-03-07,498.1583999999999,99752.0,100250.1584
2024-03-08,498.1583999999999,100146.0,100644.1584
2024-03-11,498.1583999999999,102458.0,102956.1584
2024-03-12,498.1583999999999,104926.0,105424.1584
2024-03-13,498.1583999999999,105034.0,105532.1584
2024-03-14,498.1583999999999,104338.0,104836.1584
2024-03-15,498.1583999999999,106332.0,106830.1584
2024-03-18,498.1583999999999,108035.0,108533.1584
2024-03-19,498.1583999999999,107459.0,107957.1584
2024-03-20,498.1583999999999,109103.0,109601.1584
2024-03-21,498.1583999999999,110915.0,111413.1584
2024-03-22,498.1583999999999,109364.0,109862.1584
2024-03-25,498.1583999999999,105230.0,105728.1584
2024-03-26,498.1583999999999,104949.0,105447.1584
2024-03-27,498.1583999999999,101708.0,102206.1584
2024-03-28,498.1583999999999,104908.0,105406.1584
2024-03-29,498.1583999999999,107470.0,107968.1584
2024-04-01,498.1583999999999,110906.0,111404.1584
2024-04-02,498.1583999999999,112285.0,112783.1584
2024-04-03,498.1583999999999,112274.0,112772.1584
2024-04-08,498.1583999999999,110260.0,110758.1584
2024-04-09,498.1583999999999,113102.0,113600.1584
2024-04-10,498.1583999999999,112053.0,112551.1584
2024-04-11,498.1583999999999,113727.0,114225.1584
2024-04-12,498.1583999999999,114203.0,114701.1584
2024-04-15,498.1583999999999,106629.0,107127.1584
2024-04-16,498.1583999999999,98071.0,98569.1584
2024-04-17,498.1583999999999,101948.0,102446.1584
2024-04-18,498.1583999999999,100740.0,101238.1584
2024-04-19,498.1583999999999,101412.0,101910.1584
2024-04-22,498.1583999999999,99418.0,99916.1584
2024-04-23,498.1583999999999,100413.0,100911.1584
2024-04-24,498.1583999999999,101952.0,102450.1584
2024-04-25,498.1583999999999,103038.0,103536.1584
2024-04-26,498.1583999999999,104173.0,104671.1584
2024-04-29,498.1583999999999,106464.0,106962.1584
2024-04-30,498.1583999999999,105821.0,106319.1584
2024-05-06,498.1583999999999,108908.0,109406.1584
2024-05-07,498.1583999999999,108820.0,109318.1584
2024-05-08,498.1583999999999,104272.0,104770.1584
2024-05-09,498.1583999999999,105782.0,106280.1584
2024-05-10,498.1583999999999,105287.0,105785.1584
2024-05-13,498.1583999999999,101832.0,102330.1584
2024-05-14,498.1583999999999,102719.0,103217.1584
2024-05-15,498.1583999999999,102365.0,102863.1584
2024-05-16,498.1583999999999,104581.0,105079.1584
2024-05-17,498.1583999999999,106804.0,107302.1584
2024-05-20,498.1583999999999,107010.0,107508.1584
2024-05-21,498.1583999999999,105975.0,106473.1584
2024-05-22,498.1583999999999,106740.0,107238.1584
2024-05-23,498.1583999999999,103595.0,104093.1584
2024-05-24,498.1583999999999,102371.0,102869.1584
2024-05-27,498.1583999999999,101521.0,102019.1584
2024-05-28,498.1583999999999,100892.0,101390.1584
2024-05-29,498.1583999999999,101928.0,102426.1584
2024-05-30,498.1583999999999,102403.0,102901.1584
2024-05-31,498.1583999999999,103389.0,103887.1584
2024-06-03,498.1583999999999,102062.0,102560.1584
2024-06-04,498.1583999999999,101145.0,101643.1584
2024-06-05,498.1583999999999,99839.0,100337.1584
2024-06-06,498.1583999999999,94826.0,95324.1584
2024-06-07,498.1583999999999,98005.0,98503.1584
2024-06-11,498.1583999999999,97118.0,97616.1584
2024-06-12,498.1583999999999,98564.0,99062.1584
2024-06-13,498.1583999999999,98948.0,99446.1584
2024-06-14,498.1583999999999,96967.0,97465.1584
2024-06-17,498.1583999999999,94510.0,95008.1584
2024-06-18,498.1583999999999,96657.0,97155.1584
2024-06-19,498.1583999999999,96157.0,96655.1584
2024-06-20,498.1583999999999,93292.0,93790.1584
2024-06-21,498.1583999999999,93769.0,94267.1584
2024-06-24,498.1583999999999,89968.0,90466.1584
2024-06-25,498.1583999999999,91086.0,91584.1584
2024-06-26,498.1583999999999,93469.0,93967.1584
2024-06-27,498.1583999999999,91728.0,92226.1584
2024-06-28,498.1583999999999,92214.0,92712.1584
2024-07-01,498.1583999999999,92419.0,92917.1584
2024-07-02,498.1583999999999,93100.0,93598.1584
2024-07-03,498.1583999999999,92058.0,92556.1584
2024-07-04,498.1583999999999,89727.0,90225.1584
2024-07-05,498.1583999999999,89979.0,90477.1584
2024-07-08,498.1583999999999,86888.0,87386.1584
2024-07-09,498.1583999999999,87424.0,87922.1584
2024-07-10,498.1583999999999,86124.0,86622.1584
2024-07-11,498.1583999999999,89394.0,89892.1584
2024-07-12,498.1583999999999,89149.0,89647.1584
2024-07-15,498.1583999999999,86839.0,87337.1584
2024-07-16,498.1583999999999,87769.0,88267.1584
2024-07-17,498.1583999999999,86455.0,86953.1584
2024-07-18,498.1583999999999,86155.0,86653.1584
2024-07-19,498.1583999999999,86019.0,86517.1584
2024-07-22,498.1583999999999,86193.0,86691.1584
2024-07-23,498.1583999999999,84771.0,85269.1584
2024-07-24,498.1583999999999,82639.0,83137.1584
2024-07-25,498.1583999999999,82788.0,83286.1584
2024-07-26,498.1583999999999,84887.0,85385.1584
2024-07-29,498.1583999999999,85553.0,86051.1584
2024-07-30,498.1583999999999,86668.0,87166.1584
2024-07-31,498.1583999999999,90051.0,90549.1584
2024-08-01,498.1583999999999,90352.0,90850.1584
2024-08-02,498.1583999999999,89514.0,90012.1584
2024-08-05,498.1583999999999,89492.0,89990.1584
2024-08-06,498.1583999999999,92088.0,92586.1584
2024-08-07,498.1583999999999,92718.0,93216.1584
2024-08-08,498.1583999999999,91715.0,92213.1584
2024-08-09,498.1583999999999,91182.0,91680.1584
2024-08-12,498.1583999999999,89010.0,89508.1584
2024-08-13,498.1583999999999,88818.0,89316.1584
2024-08-14,498.1583999999999,88662.0,89160.1584
2024-08-15,498.1583999999999,90925.0,91423.1584
2024-08-16,498.1583999999999,90295.0,90793.1584
2024-08-19,498.1583999999999,89499.0,89997.1584
2024-08-20,498.1583999999999,87704.0,88202.1584
2024-08-21,498.1583999999999,86769.0,87267.1584
2024-08-22,498.1583999999999,84947.0,85445.1584
2024-08-23,498.1583999999999,83880.0,84378.1584
2024-08-26,498.1583999999999,85042.0,85540.1584
2024-08-27,498.1583999999999,83449.0,83947.1584
2024-08-28,498.1583999999999,85240.0,85738.1584
2024-08-29,498.1583999999999,85992.0,86490.1584
2024-08-30,498.1583999999999,87733.0,88231.1584
2024-09-02,498.1583999999999,85669.0,86167.1584
2024-09-03,498.1583999999999,86930.0,87428.1584
2024-09-04,498.1583999999999,86950.0,87448.1584
2024-09-05,498.1583999999999,88300.0,88798.1584
2024-09-06,498.1583999999999,87821.0,88319.1584
2024-09-09,498.1583999999999,89457.0,89955.1584
2024-09-10,498.1583999999999,89061.0,89559.1584
2024-09-11,498.1583999999999,88329.0,88827.1584
2024-09-12,498.1583999999999,87688.0,88186.1584
2024-09-13,498.1583999999999,87496.0,87994.1584
2024-09-18,498.1583999999999,88313.0,88811.1584
2024-09-19,498.1583999999999,90839.0,91337.1584
2024-09-20,498.1583999999999,90080.0,90578.1584
2024-09-23,498.1583999999999,89305.0,89803.1584
2024-09-24,498.1583999999999,93612.0,94110.1584
2024-09-25,498.1583999999999,94363.0,94861.1584
2024-09-26,498.1583999999999,98377.0,98875.1584
2024-09-27,498.1583999999999,101664.0,102162.1584
2024-09-30,498.1583999999999,110708.0,111206.1584
2024-10-08,498.1583999999999,117845.0,118343.1584
2024-10-09,498.1583999999999,108551.0,109049.1584
2024-10-10,498.1583999999999,109753.0,110251.1584
2024-10-11,498.1583999999999,105831.0,106329.1584
2024-10-14,498.1583999999999,109079.0,109577.1584
2024-10-15,498.1583999999999,108481.0,108979.1584
2024-10-16,498.1583999999999,108782.0,109280.1584
2024-10-17,498.1583999999999,109628.0,110126.1584
2024-10-18,498.1583999999999,111742.0,112240.1584
2024-10-21,498.1583999999999,111695.0,112193.1584
2024-10-22,498.1583999999999,115190.0,115688.1584
2024-10-23,498.1583999999999,115497.0,115995.1584
2024-10-24,498.1583999999999,114866.0,115364.1584
2024-10-25,498.1583999999999,118121.0,118619.1584
2024-10-28,498.1583999999999,121832.0,122330.1584
2024-10-29,498.1583999999999,118296.0,118794.1584
2024-10-30,498.1583999999999,119197.0,119695.1584
2024-10-31,498.1583999999999,122197.0,122695.1584
2024-11-01,498.1583999999999,118295.0,118793.1584
2024-11-04,498.1583999999999,120349.0,120847.1584
2024-11-05,498.1583999999999,122832.0,123330.1584
2024-11-06,498.1583999999999,125798.0,126296.1584
2024-11-07,498.1583999999999,127007.0,127505.1584
2024-11-08,498.1583999999999,127268.0,127766.1584
2024-11-11,498.1583999999999,131864.0,132362.1584
2024-11-12,498.1583999999999,130282.0,130780.1584
2024-11-13,498.1583999999999,130480.0,130978.1584
2024-11-14,498.1583999999999,125927.0,126425.1584
2024-11-15,498.1583999999999,122242.0,122740.1584
2024-11-18,498.1583999999999,119534.0,120032.1584
2024-11-19,498.1583999999999,124329.0,124827.1584
2024-11-20,498.1583999999999,127564.0,128062.1584
2024-11-21,498.1583999999999,130003.0,130501.1584
2024-11-22,498.1583999999999,127637.0,128135.1584
2024-11-25,498.1583999999999,130811.0,131309.1584
2024-11-26,498.1583999999999,129269.0,129767.1584
2024-11-27,498.1583999999999,132044.0,132542.1584
2024-11-28,498.1583999999999,134112.0,134610.1584
2024-11-29,498.1583999999999,139564.0,140062.1584
2024-12-02,498.1583999999999,144328.0,144826.1584
2024-12-03,498.1583999999999,143720.0,144218.1584
2024-12-04,498.1583999999999,142335.0,142833.1584
2024-12-05,498.1583999999999,146926.0,147424.1584
2024-12-06,498.1583999999999,145235.0,145733.1584
2024-12-09,498.1583999999999,143798.0,144296.1584
2024-12-10,498.1583999999999,148113.0,148611.1584
2024-12-11,498.1583999999999,148864.0,149362.1584
2024-12-12,498.1583999999999,148253.0,148751.1584
2024-12-13,498.1583999999999,145512.0,146010.1584
2024-12-16,498.1583999999999,144951.0,145449.1584
2024-12-17,498.1583999999999,136049.0,136547.1584
2024-12-18,498.1583999999999,136061.0,136559.1584
2024-12-19,498.1583999999999,134327.0,134825.1584
2024-12-20,498.1583999999999,137238.0,137736.1584
2024-12-23,498.1583999999999,129502.0,130000.1584
2024-12-24,498.1583999999999,130378.0,130876.1584
2024-12-25,498.1583999999999,130079.0,130577.1584
2024-12-26,498.1583999999999,132974.0,133472.1584
2024-12-27,498.1583999999999,134962.0,135460.1584
2024-12-30,498.1583999999999,132483.0,132981.1584
2024-12-31,498.1583999999999,132871.0,133369.1584
2025-01-02,498.1583999999999,134473.0,134971.1584
2025-01-03,498.1583999999999,126445.0,126943.1584
2025-01-06,498.1583999999999,125264.0,125762.1584
2025-01-07,498.1583999999999,128229.0,128727.1584
2025-01-08,498.1583999999999,130954.0,131452.1584
2025-01-09,498.1583999999999,132951.0,133449.1584
2025-01-10,498.1583999999999,130058.0,130556.1584
2025-01-13,498.1583999999999,129872.0,130370.1584
2025-01-14,498.1583999999999,138895.0,139393.1584
2025-01-15,498.1583999999999,140961.0,141459.1584
2025-01-16,498.1583999999999,140580.0,141078.1584
2025-01-17,498.1583999999999,139921.0,140419.1584
2025-01-20,498.1583999999999,141276.0,141774.1584
2025-01-21,498.1583999999999,143010.0,143508.1584
2025-01-22,498.1583999999999,141572.0,142070.1584
2025-01-23,498.1583999999999,139647.0,140145.1584
2025-01-24,498.1583999999999,141535.0,142033.1584
2025-01-27,498.1583999999999,138626.0,139124.1584
2025-02-05,498.1583999999999,140432.0,140930.1584
2025-02-06,498.1583999999999,145142.0,145640.1584
2025-02-07,498.1583999999999,144808.0,145306.1584
2025-02-10,498.1583999999999,146145.0,146643.1584
2025-02-11,498.1583999999999,146762.0,147260.1584
2025-02-12,498.1583999999999,147172.0,147670.1584
2025-02-13,498.1583999999999,146187.0,146685.1584
2025-02-14,498.1583999999999,144344.0,144842.1584
2025-02-17,498.1583999999999,146703.0,147201.1584
2025-02-18,498.1583999999999,143141.0,143639.1584
2025-02-19,498.1583999999999,146487.0,146985.1584
2025-02-20,498.1583999999999,150617.0,151115.1584
2025-02-21,498.1583999999999,150236.0,150734.1584
2025-02-24,498.1583999999999,152879.0,153377.1584
2025-02-25,498.1583999999999,152645.0,153143.1584
2025-02-26,498.1583999999999,155568.0,156066.1584
2025-02-27,498.1583999999999,158218.0,158716.1584
2025-02-28,498.1583999999999,149978.0,150476.1584
2025-03-03,498.1583999999999,148868.0,149366.1584
2025-03-04,498.1583999999999,151636.0,152134.1584
2025-03-05,498.1583999999999,151817.0,152315.1584
2025-03-06,498.1583999999999,151288.0,151786.1584
2025-03-07,498.1583999999999,150777.0,151275.1584
2025-03-10,498.1583999999999,150236.0,150734.1584
2025-03-11,498.1583999999999,151308.0,151806.1584
2025-03-12,498.1583999999999,152581.0,153079.1584
2025-03-13,498.1583999999999,149467.0,149965.1584
2025-03-14,498.1583999999999,151640.0,152138.1584
2025-03-17,498.1583999999999,151636.0,152134.1584
2025-03-18,498.1583999999999,151839.0,152337.1584
2025-03-19,498.1583999999999,150985.0,151483.1584
2025-03-20,498.1583999999999,151406.0,151904.1584
2025-03-21,498.1583999999999,147208.0,147706.1584
2025-03-24,498.1583999999999,145842.0,146340.1584
2025-03-25,498.1583999999999,145159.0,145657.1584
2025-03-26,498.1583999999999,146135.0,146633.1584
2025-03-27,498.1583999999999,145255.0,145753.1584
2025-03-28,498.1583999999999,141583.0,142081.1584
2025-03-31,498.1583999999999,141574.0,142072.1584
2025-04-01,498.1583999999999,143093.0,143591.1584
2025-04-02,498.1583999999999,143621.0,144119.1584
2025-04-03,498.1583999999999,143336.0,143834.1584
2025-04-07,498.1583999999999,129634.0,130132.1584
2025-04-08,498.1583999999999,125902.0,126400.1584
2025-04-09,498.1583999999999,130104.0,130602.1584
2025-04-10,498.1583999999999,135676.0,136174.1584
2025-04-11,498.1583999999999,136495.0,136993.1584
2025-04-14,498.1583999999999,140597.0,141095.1584
2025-04-15,498.1583999999999,141851.0,142349.1584
2025-04-16,498.1583999999999,138843.0,139341.1584
2025-04-17,498.1583999999999,141347.0,141845.1584
2025-04-18,498.1583999999999,140022.0,140520.1584
2025-04-21,498.1583999999999,143992.0,144490.1584
2025-04-22,498.1583999999999,143469.0,143967.1584
2025-04-23,498.1583999999999,144962.0,145460.1584
2025-04-24,498.1583999999999,145175.0,145673.1584
2025-04-25,498.1583999999999,147185.0,147683.1584
2025-04-28,498.1583999999999,144779.0,145277.1584
2025-04-29,498.1583999999999,145064.0,145562.1584
2025-04-30,498.1583999999999,144888.0,145386.1584
2025-05-06,498.1583999999999,147768.0,148266.1584
2025-05-07,498.1583999999999,148489.0,148987.1584
2025-05-08,498.1583999999999,152470.0,152968.1584
2025-05-09,498.1583999999999,151362.0,151860.1584
2025-05-12,498.1583999999999,154615.0,155113.1584
2025-05-13,498.1583999999999,153049.0,153547.1584
2025-05-14,498.1583999999999,152699.0,153197.1584
2025-05-15,498.1583999999999,150976.0,151474.1584
2025-05-16,498.1583999999999,142301.0,142799.1584
2025-05-19,498.1583999999999,143041.0,143539.1584
2025-05-20,498.1583999999999,145093.0,145591.1584
2025-05-21,498.1583999999999,146136.0,146634.1584
2025-05-22,498.1583999999999,144086.0,144584.1584
2025-05-23,498.1583999999999,147392.0,147890.1584
2025-05-26,498.1583999999999,149025.0,149523.1584
2025-05-27,498.1583999999999,151472.0,151970.1584
2025-05-28,498.1583999999999,162500.0,162998.1584
2025-05-29,498.1583999999999,161216.0,161714.1584
2025-05-30,498.1583999999999,157366.0,157864.1584
2025-06-03,498.1583999999999,157815.0,158313.1584
2025-06-04,498.1583999999999,162653.0,163151.1584
2025-06-05,498.1583999999999,161245.0,161743.1584
2025-06-06,498.1583999999999,159426.0,159924.1584
2025-06-09,498.1583999999999,158635.0,159133.1584
2025-06-10,498.1583999999999,155755.0,156253.1584
2025-06-11,498.1583999999999,158076.0,158574.1584
2025-06-12,498.1583999999999,160572.0,161070.1584
2025-06-13,498.1583999999999,156770.0,157268.1584
2025-06-16,498.1583999999999,157373.0,157871.1584
2025-06-17,498.1583999999999,154613.0,155111.1584
2025-06-18,498.1583999999999,153984.0,154482.1584
2025-06-19,498.1583999999999,147520.0,148018.1584
2025-06-20,498.1583999999999,144095.0,144593.1584
2025-06-23,498.1583999999999,146625.0,147123.1584
2025-06-24,498.1583999999999,150349.0,150847.1584
2025-06-25,498.1583999999999,151317.0,151815.1584
2025-06-26,498.1583999999999,152172.0,152670.1584
2025-06-27,498.1583999999999,151639.0,152137.1584
2025-06-30,498.1583999999999,153329.0,153827.1584
2025-07-01,498.1583999999999,153674.0,154172.1584
2025-07-02,498.1583999999999,152764.0,153262.1584
2025-07-03,498.1583999999999,151948.0,152446.1584
2025-07-04,498.1583999999999,150148.0,150646.1584
2025-07-07,498.1583999999999,150428.0,150926.1584
2025-07-08,498.1583999999999,151702.0,152200.1584
2025-07-09,498.1583999999999,151787.0,152285.1584
2025-07-10,498.1583999999999,151675.0,152173.1584
2025-07-11,498.1583999999999,152799.0,153297.1584
2025-07-14,498.1583999999999,155285.0,155783.1584
2025-07-15,498.1583999999999,152972.0,153470.1584
2025-07-16,498.1583999999999,153477.0,153975.1584
2025-07-17,498.1583999999999,153715.0,154213.1584
2025-07-18,498.1583999999999,153820.0,154318.1584
2025-07-21,498.1583999999999,156685.0,157183.1584
2025-07-22,498.1583999999999,155570.0,156068.1584
2025-07-23,498.1583999999999,154178.0,154676.1584
2025-07-24,498.1583999999999,156038.0,156536.1584
2025-07-25,498.1583999999999,156836.0,157334.1584
2025-07-28,498.1583999999999,156617.0,157115.1584
2025-07-29,498.1583999999999,155094.0,155592.1584
2025-07-30,498.1583999999999,153017.0,153515.1584
2025-07-31,498.1583999999999,151153.0,151651.1584
2025-08-01,498.1583999999999,151177.0,151675.1584
2025-08-04,498.1583999999999,154264.0,154762.1584
2025-08-05,498.1583999999999,155098.0,155596.1584
2025-08-06,498.1583999999999,158091.0,158589.1584
2025-08-07,498.1583999999999,157407.0,157905.1584
2025-08-08,498.1583999999999,158866.0,159364.1584
2025-08-11,498.1583999999999,160413.0,160911.1584
2025-08-12,498.1583999999999,161122.0,161620.1584
2025-08-13,498.1583999999999,160985.0,161483.1584
2025-08-14,498.1583999999999,157314.0,157812.1584
2025-08-15,498.1583999999999,159808.0,160306.1584
2025-08-18,498.1583999999999,161716.0,162214.1584
2025-08-19,498.1583999999999,165533.0,166031.1584
2025-08-20,498.1583999999999,168242.0,168740.1584
2025-08-21,498.1583999999999,167846.0,168344.1584
2025-08-22,498.1583999999999,170099.0,170597.1584
2025-08-25,498.1583999999999,171578.0,172076.1584
2025-08-26,498.1583999999999,171974.0,172472.1584
2025-08-27,498.1583999999999,166836.0,167334.1584
2025-08-28,498.1583999999999,166798.0,167296.1584
2025-08-29,498.1583999999999,166342.0,166840.1584
2025-09-01,498.1583999999999,166795.0,167293.1584
2025-09-02,498.1583999999999,169658.0,170156.1584
2025-09-03,498.1583999999999,163838.0,164336.1584
2025-09-04,498.1583999999999,163173.0,163671.1584
2025-09-05,498.1583999999999,165573.0,166071.1584
2025-09-08,498.1583999999999,170066.0,170564.1584
2025-09-09,498.1583999999999,170245.0,170743.1584
2025-09-10,498.1583999999999,169443.0,169941.1584
2025-09-11,498.1583999999999,171575.0,172073.1584
2025-09-12,498.1583999999999,170905.0,171403.1584
2025-09-15,498.1583999999999,171313.0,171811.1584
2025-09-16,498.1583999999999,177384.0,177882.1584
2025-09-17,498.1583999999999,180052.0,180550.1584
2025-09-18,498.1583999999999,178069.0,178567.1584
2025-09-19,498.1583999999999,177248.0,177746.1584
2025-09-22,498.1583999999999,178311.0,178809.1584
2025-09-23,498.1583999999999,178204.0,178702.1584
2025-09-24,498.1583999999999,180375.0,180873.1584
2025-09-25,498.1583999999999,180071.0,180569.1584
2025-09-26,498.1583999999999,176381.0,176879.1584
2025-09-29,498.1583999999999,177069.0,177567.1584
2025-09-30,498.1583999999999,176169.0,176667.1584
2025-10-09,498.1583999999999,177113.0,177611.1584
2025-10-10,498.1583999999999,176191.0,176689.1584
2025-10-13,498.1583999999999,173233.0,173731.1584
2025-10-14,498.1583999999999,169073.0,169571.1584
2025-10-15,498.1583999999999,175056.0,175554.1584
2025-10-16,498.1583999999999,173010.0,173508.1584
2025-10-17,498.1583999999999,168729.0,169227.1584
2025-10-20,498.1583999999999,170469.0,170967.1584
2025-10-21,498.1583999999999,170011.0,170509.1584
2025-10-22,498.1583999999999,170905.0,171403.1584
2025-10-23,498.1583999999999,169621.0,170119.1584
2025-10-24,498.1583999999999,173863.0,174361.1584
2025-10-27,498.1583999999999,174637.0,175135.1584
2025-10-28,498.1583999999999,175849.0,176347.1584
2025-10-29,498.1583999999999,175770.0,176268.1584
2025-10-30,498.1583999999999,176007.0,176505.1584
2025-10-31,498.1583999999999,177643.0,178141.1584
2025-11-03,498.1583999999999,177509.0,178007.1584
2025-11-04,498.1583999999999,175886.0,176384.1584
2025-11-05,498.1583999999999,177685.0,178183.1584
2025-11-06,498.1583999999999,178815.0,179313.1584
2025-11-07,498.1583999999999,177487.0,177985.1584
2025-11-10,498.1583999999999,178216.0,178714.1584
2025-11-11,498.1583999999999,176959.0,177457.1584
2025-11-12,498.1583999999999,176025.0,176523.1584
2025-11-13,498.1583999999999,177855.0,178353.1584
2025-11-14,498.1583999999999,176003.0,176501.1584
2025-11-17,498.1583999999999,174783.0,175281.1584
2025-11-18,498.1583999999999,171772.0,172270.1584
2025-11-19,498.1583999999999,170503.0,171001.1584
2025-11-20,498.1583999999999,169610.0,170108.1584
2025-11-21,498.1583999999999,162793.0,163291.1584
2025-11-24,498.1583999999999,164845.0,165343.1584
2025-11-25,498.1583999999999,166279.0,166777.1584
2025-11-26,498.1583999999999,166371.0,166869.1584
2025-11-27,498.1583999999999,166444.0,166942.1584
2025-11-28,498.1583999999999,170251.0,170749.1584
2025-12-01,498.1583999999999,169590.0,170088.1584
2025-12-02,498.1583999999999,168519.0,169017.1584
2025-12-03,498.1583999999999,169403.0,169901.1584
2025-12-04,498.1583999999999,167952.0,168450.1584
2025-12-05,498.1583999999999,169612.0,170110.1584
2025-12-08,498.1583999999999,170441.0,170939.1584
2025-12-09,498.1583999999999,171606.0,172104.1584
2025-12-10,498.1583999999999,170571.0,171069.1584
2025-12-11,498.1583999999999,166373.0,166871.1584
2025-12-12,498.1583999999999,164896.0,165394.1584
2025-12-15,498.1583999999999,164207.0,164705.1584
2025-12-16,498.1583999999999,162514.0,163012.1584
2025-12-17,498.1583999999999,161911.0,162409.1584
2025-12-18,498.1583999999999,163044.0,163542.1584
2025-12-19,498.1583999999999,166443.0,166941.1584
2025-12-22,498.1583999999999,166412.0,166910.1584
2025-12-23,498.1583999999999,165695.0,166193.1584
2025-12-24,498.1583999999999,165924.0,166422.1584
2025-12-25,498.1583999999999,168879.0,169377.1584
2025-12-26,498.1583999999999,168638.0,169136.1584
2025-12-29,498.1583999999999,168119.0,168617.1584
2025-12-30,498.1583999999999,170653.0,171151.1584
2025-12-31,498.1583999999999,169384.0,169882.1584
2026-01-05,498.1583999999999,171398.0,171896.1584
2026-01-06,498.1583999999999,171492.0,171990.1584
2026-01-07,498.1583999999999,171891.0,172389.1584
2026-01-08,498.1583999999999,172205.0,172703.1584
2026-01-09,498.1583999999999,173564.0,174062.1584
2026-01-12,498.1583999999999,177703.0,178201.1584
2026-01-13,498.1583999999999,176134.0,176632.1584
2026-01-14,498.1583999999999,175948.0,176446.1584
2026-01-15,498.1583999999999,175188.0,175686.1584
2026-01-16,498.1583999999999,175872.0,176370.1584
2026-01-19,498.1583999999999,179955.0,180453.1584
2026-01-20,498.1583999999999,179862.0,180360.1584
2026-01-21,498.1583999999999,182095.0,182593.1584
2026-01-22,498.1583999999999,186929.0,187427.1584
2026-01-23,498.1583999999999,188710.0,189208.1584
2026-01-26,498.1583999999999,185257.0,185755.1584
2026-01-27,498.1583999999999,183243.0,183741.1584
2026-01-28,498.1583999999999,186170.0,186668.1584
2026-01-29,498.1583999999999,184124.0,184622.1584
2026-01-30,498.1583999999999,186375.0,186873.1584
2026-02-02,498.1583999999999,179728.0,180226.1584
2026-02-03,498.1583999999999,184102.0,184600.1584
2026-02-04,498.1583999999999,183980.0,184478.1584
2026-02-05,498.1583999999999,181724.0,182222.1584
2026-02-06,498.1583999999999,180965.0,181463.1584
2026-02-09,498.1583999999999,181227.0,181725.1584
2026-02-10,498.1583999999999,181761.0,182259.1584
2026-02-11,498.1583999999999,180489.0,180987.1584
2026-02-12,498.1583999999999,180401.0,180899.1584
2026-02-13,498.1583999999999,179051.0,179549.1584
2026-02-24,498.1583999999999,181060.0,181558.1584
2026-02-25,498.1583999999999,183371.0,183869.1584
2026-02-26,498.1583999999999,184522.0,185020.1584
2026-02-27,498.1583999999999,185547.0,186045.1584
2026-03-02,498.1583999999999,181324.0,181822.1584
2026-03-03,498.1583999999999,175321.0,175819.1584
2026-03-04,498.1583999999999,177373.0,177871.1584
2026-03-05,498.1583999999999,179188.0,179686.1584
2026-03-06,498.1583999999999,182142.0,182640.1584
2026-03-09,498.1583999999999,177977.0,178475.1584
2026-03-10,498.1583999999999,179846.0,180344.1584
2026-03-11,498.1583999999999,179387.0,179885.1584
2026-03-12,498.1583999999999,178638.0,179136.1584
2026-03-13,498.1583999999999,176432.0,176930.1584
2026-03-16,498.1583999999999,176402.0,176900.1584
2026-03-17,498.1583999999999,171893.0,172391.1584
2026-03-18,498.1583999999999,172384.0,172882.1584
2026-03-19,498.1583999999999,168015.0,168513.1584
2026-03-20,498.1583999999999,163575.0,164073.1584
2026-03-23,498.1583999999999,155201.0,155699.1584
2026-03-24,498.1583999999999,160811.0,161309.1584
2026-03-25,498.1583999999999,164572.0,165070.1584
2026-03-26,498.1583999999999,162359.0,162857.1584
2026-03-27,498.1583999999999,164937.0,165435.1584
2026-03-30,498.1583999999999,166357.0,166855.1584
2026-03-31,498.1583999999999,163855.0,164353.1584
2026-04-01,498.1583999999999,167029.0,167527.1584
2026-04-02,498.1583999999999,165383.0,165881.1584
2026-04-03,498.1583999999999,161170.0,161668.1584
2026-04-07,498.1583999999999,162908.0,163406.1584
